ID;Name
0x762c;Katyay Matthewg
0x21f2c;Jewkesj Berkrotb
0x113d7;Johnsonn Douwet
0x18463;Tommyl Kiharad
0x1683d;Nadia Damounir Ahmedv
0x16817;McBridep Eva Kuehnenp
0x160a0;Murain Johnsond
0x20864;Rothackero Costa Markg
0x13a83;Edward Taylorh Leahv
0x18a45;Jonasg Horowitze
0x204f9;Phila Viswanathar
0x9b3a;Soyoung Kimo Alistaira
0x13ee3;Luciat Kristav
0x17033;Noeln McAllisterb
0x1240f;Andyw Laurence Frostx
0x1ea36;Robini Kazunori Takadab
0x854f;Basesc Laurence Frostx
0x209b;Doug Palmerf Marianna Parragac
0x236c3;Johno Stevef
0x21d74;Herbertu Peterz
0xb131;Anna Yukhananovq Oreskovicw
0x148c2;Ros Krasnyp Hamidq
0x9066;Steve Hollg Jennifer Ablans
0x151ad;Natalie Thomasp Kohs
0x2417e;Kevin Yaow Jink
0x83e2;Dena Aubing Jochelle Mendoncaa
0xdf6f;Wachtelk Karenm
0x3a99;Angus McDowallg Johne
0x76b8;Peg Mackeyh Valetkevitchx
0x91d2;Hirschlerh Scheyderd
0x47b4;Jim Finklek Luv
0x1e35d;Sudipq Neil Maidmentl
0x1c81e;Nadiaa Bartzi
0x1b766;Brenda Gohc Carey Gillama
0x104e7;Kuehnene Paritoshs
0x24e0;Choe McCrankk
0xb4b4;Jessica Wohld Dianep
0x1c5fc;Jewkesj Marianna Parragaw
0x10093;Andrew Callusb Katharinao
0x15e3c;Azharx Fang Yanp
0x214c8;Nate Raymondr Copleyz
0x20079;Akiny Jessica Wohld
0xdff2;Prodhane Katharinar
0xb3be;Sakari Suoninenb Dolano
0x1689b;James Pomfretz Cremere
0x50fe;Blountf Walterr
0x25341;Jane Chungn Moonf
0x882d;Ringstrom Johanm Leahy
0x2f26;Stellad Sabad
0x30b3;Huwt Michael Ermany
0x8888;Herbertj Kwoka
0x180e1;Anuragf Chees
0x5cc2;Cruisel Nickelq
0x1662a;Matthewh Nick Edwardsa
0x22fdb;Christined Sheppardw
0x249a2;Herskovitzq Michael Szabov
0x1b82e;Stempelv Frankelk
0x254a1;Karenm Levinel
0x7410;Patrickn Richard Leongp
0x24930;Holtona Pfeiffero
0x5bbc;Kevin Liml Alan Wheatleye
0x22e52;Dan Wilchinsj Cohns
0x13c06;Kaorif Valetkevitchm
0x218c2;John McCrankr Terryr
0x17984;Henning Gloysteinx Dhanya Skariachanw
0xc990;Patrick Lanninb Huwp
0x152ef;Angelax Hirschlerv
0x36a2;Zeidlerr Noah Barkino
0x18233;Brian Growx Maushagens
0x119fc;Leahk Doeringh
0xa7e4;Alisterz Yamaguchiz
0x1ae42;Chadbournl Vidya Ranganathanb
0x214a4;LaCaprax Schneyerh
0x16f2d;Victoria Bryano Doug Palmerf
0x19d49;Giuseppe Fonteq Anirbanh
0x1810f;Lesleys Gellert
0x35a8;Bill Powellx Frankelx
0x124ae;Deepa Seetharamanh Nanette Byrness
0x15a0e;Lisar Gabriel Debenedettio
0xff90;Huett Kevin Yaoq
0x87f7;Caroline Valetkevitchj Rosss
0x9efc;Lauren Taram Jennifer Ablanh
0x1be89;Wohlh Phile
0x2a0d;Katya Wachteln Walterr
0x20016;Shiha Katya Wachteln
0x23033;Rosemarie Franciscou Viswanatham
0x2258c;Cezaryh Tim Kellye
0x4761;Julien Toyerg Ransdell Piersonm
0xa1e3;Slaterm Elvina Nawagunaw
0x8340;Ryan Vlastelicao Siebelts
0x8262;Marianna Parragaw Robert Hetza
0xc888;Forgionex Adamw
0x3bff;Alwyni Samf
0x27d5;Saphiri Lisau
0xfb0f;Tanya Agrawalc Emiq
0x11b74;Slaterq Yaox
0x1d154;Days Holtona
0x1af03;Tim Kellye Suchitra Mohantyz
0x15612;Flynnq Estelle Shirbons
0xa686;Hendrik Sackmannb Luke Bakert
0x1b768;Philip Shishkinc Taraz
0x22701;Caroline Copleyl Saphirg
0x15129;Laurenf Jeffsd
0x1ce14;Taraz Freilichp
0xd734;Growr Amanw
0x1a9d6;Poornimag Carvalhok
0xa5de;Freifeldu Andrewz
0x105d8;Cyntiam Natek
0x953c;Nadia Damounii Kumarw
0x18e1;Matthewm Luciav
0x14058;Ryan Vlastelicab Tomn
0xc9b3;Soyoung Kimz Atossa Araxiae
0x1880;Ekr Stephensonc
0x9c84;Freifeldv Yoko Kubotar
0xc06d;Masona Winfreyg
0x10fc9;Doug Palmerl Noah Barkino
0x17dbd;Alex Dobuzinskiso Neil Maidmentl
0x102ae;Dave Clarkeo Martony
0x218f5;Kirschbaumk Dhanya Skariachanh
0x163ea;Steve Slaterm Emma Thomassonf
0xced7;Hepherd Adlerr
0x19555;Jim Finkleu Poornima Guptav
0x24be6;Tim Kellym Annaw
0x256c2;Jedh Oleg Vukmanovicg
0x9fd3;Eva Kuehnenp Johnson Richardi
0x224c5;Alexei Oreskovici Jasmin Melvins
0x1c446;Fletcherx Dhanyaj
0x60a9;Miyoung Kimb Sinead Cruisej
0x1d767;Rigbyj Berkrotb
0x114ef;Mirnaj Marianna Parragac
0x18c8f;Raymondl Philip Shishkinc
0x19d3c;Matthew Goldsteinz Rossg
0xcd0f;Mattp Sakari Suoninenb
0x11665;Doris Frankelj Berkrotw
0x7d9e;Wilkesr Alister Bullh
0x2358;Huntt Daniel Alvarengas
0xfc24;Rick Rothackern Clare Hutchisony
0xdfbd;Braden Reddallg Michael Ermany
0x10cd0;Katharinar Lee Lucym
0x10a26;Ritsukoc Emman
0x1f11b;Lionel Laurents Swethau
0xf915;Herbertu Juliaq
0x10981;Jonesx Lawrence Whitet
0x53b9;Younglain Sam Forgionee
0x112d4;Alerigif McBrideq
0x160dd;Mikew Alexei Oreskovici
0x2018a;Grazinaz Yati Himatsingkae
0x94bb;Jonathan Stempelb Huwz
0x111e1;Jonathano Shermanb
0x4dd6;Fergus Jenseny Lionel Laurentx
0x1eea6;LaCapraf Edwardsk
0xacdc;Christophd Carrelk
0x1347d;Richard Leongp Sophie Sassardg
0x179a7;Wayneo Charlesh
0x22fa2;Raymondj Sineadb
0x663d;Langel David Lawders
0x10ec8;Busvinen Ernestc
0xcbd8;Steve Slaterg Deyi
0x1f27f;Catherined Karen Jacobsu
0x1edff;Rhys Jonesi Yunx
0x6862;Alistairp Carmel Crimminsy
0x128f5;Martind MacInnisy
0x992c;Ryanp Ahmedv
0x8bf2;Soyoungw Edwardsk
0x1f5ca;Kiharap David Gaffenk
0x1f5d5;Rachelle Younglaig Suchitra Mohantyz
0x1d4a;Danielb Leahk
0x4a29;Ringstrom Johanm Younglaii
0x7021;Shihd Laura MacInnise
0x90a9;Wangf Economics Correspondentc
0x6ccb;Bernabeiz Patrick Lanninb
0x1e8b2;Jonathan Stempeld Sierras
0xd260;Toonkelk Chadbournz
0x11ee1;Kathy Finnc Dennyd
0x1e290;Edward Krudyh Mari Saitod
0x174f6;Riet Marcusk
0x20c62;Ransdellx Anna Ringstromn
0x79a2;Catherinew Takenakam
0x35da;Leelaq Christiaan Hetzners
0xd97c;Horowitzj Lopatkab
0x1cc28;Aditya Suharmokoa Halsv
0x202ae;Tim Kellyh Jink
0x1c218;Schnurri Lucianan
0x21292;Palmerw Khettiya Jittapongv
0x1efeb;Rodrigoc Lionel Laurentj
0x2344e;Yoo Choonsikw Wardellj
0x1e415;Michael Martinaz Jonasg
0xa4cb;Ellen Freilichz Dhanyat
0x1737d;Nanette Byrnesg Rosemarie Franciscou
0x5eac;Michael Martinay Whitef
0x175e7;Reesee Hetznera
0x1914a;Schombergu Eileen Houlihanh
0x7a1d;Rick Rothackerc Basesw
0xb3b3;Karen Freifeldx Ranganathany
0x1218d;Jonasg Philc
0xdd7a;Jasonb Ilainaa
0x25d1;Pedro Nicolacim Xiaoyi Shaou
0x1390e;Koh Guig Robini
0x101e3;Clarkh Mutikanix
0x1513f;Jasonz Philipm
0x8aeb;Henryh Steveq
0xba8b;Ilainaa Matt Scuffhamk
0x19272;Viswanathas Foo Yunt
0x211a3;Jonathan Spicerf Poornima Guptaj
0x1ef06;Jonesx Siddharth Cavalef
0x7e96;Vaughanr Nick Edwardsd
0x10a93;Jessica Toonkelt Alina Selyukhg
0x55ba;Gouldn Lisa Baertleinu
0x1fd33;Huwv Matt Falloonm
0x10247;Robertav Carlynl
0x7753;McCrankb Christopher Doeringv
0x259cf;Robj Charlie Zhuq
0x1971;Zhdannikovi Emi Emotot
0x48b2;Josephx Barrt
0x1c447;Amanw Aileen Wangw
0x1e3b2;Barrt Yinkaz
0x123c0;Adrianr Langi Chiangi
0x7763;Clarey Emily Flitterr
0x138ca;Kubotay MacInnisy
0x19beb;Gerry Shihf Sineadl
0x21552;Sujatak Jim Finkleu
0x2322;Emmottl Mohantyl
0x1cb3b;Tetsushi Kajimotov Spicern
0x4335;Dayn Grant McCoolw
0xcbc3;Leer Clarkej
0x1c20a;Josephinec Jeffsd
0x189d;Christophd Frewh
0x479f;Chadbournz Jed Horowitzm
0x40c9;Rothackerw Clare Hutchisone
0x223a5;Maria Sheahani Yunc
0xf7ff;Charles Abbotth Kim Dixona
0x1e8ef;Swetha Gopinathh Andy Bruceq
0x9f14;Peter Rudegeairj Ingridt
0x55f6;Olivial Jonathan Stempele
0xbc6b;Shermanb Sinead Carewt
0x58eb;Miyoung Kimg Levinel
0x6f00;Emily Kaiserq Christianu
0x24a0e;Marcw Spicerf
0x238b0;Mirnag Kimu
0xbd6d;Viswanathar Axr
0x39c8;Laynem Growy
0x25d5e;Raymondn Rick Rothackern
0x12a13;Langiw Martinner
0x10726;Peter Hendersonk Ethanj
0x2414c;Henning Gloysteinx Sinead Carews
0x17aa6;Halsv Manuela Badawye
0x18287;Axr Kaorip
0x20598;Malonec Kazunori Takadab
0x19abe;Ashleyg Poornima Guptaa
0x3db9;Leela Parkerp Bradenz
0x98cb;Grovert Alistair Barrf
0x3c5f;Tom Polansekt Anna Drivere
0x192b;Silvia Aloisiq Ed Stoddardq
0xbb74;Emmanuel Jarryh Phil Wahbab
0x18342;Grant McCoolw Alexei Oreskovicr
0x2352a;Andrew Osbornc Sitaraman Shankarp
0xb76c;Jessica Toonkelo Ben Berkowitzz
0x14237;Dianep Chris Vellacottt
0x22d92;Alistern Clarey
0x19909;Rebekahi Richard Leongp
0x57f8;Wilkess Jonathanj
0x1e53;Lanninu Foo Yuny
0x17e69;Poornimae Alwyn Scottd
0x14731;Scheyderv Basesw
0x15196;Antonellap Osamua
0x232ac;Jeffsd Saphira
0x1c932;Fayenw Thanv
0x1ed9f;Richwinec Mirnag
0x1f277;Peter Rudegeairv Govindasamyd
0x2343b;Jonathanj Lashy
0xbf1c;Wayne Coleg Granto
0x6be4;Malonex Alexeij
0x15114;Kelvinq Ashleyn
0x233ef;Sinead Carewp Cyntiam
0x3abb;Lucy Hornbyr Alistairy
0x13b42;Matthew Goldsteinb Jonathan Spicerf
0xe28b;Alexei Oreskovicf Poornima Guptau
0x115f6;Gernot Hellerv Kaorip
0x11e80;Frankelx Qing Xiaoyig
0x90ed;Emotou Yokot
0x17cda;Kirstin Ridleyt Olga Popovak
0x146a7;Laurenz Laurencer
0xbbb7;Rinke Francescaf Nishantx
0x1162f;Casey Sullivanr Daviesd
0x17f3;Toonkeln Denao
0xfacf;McCooll Jeffsb
0x11688;Jany Chuckw
0x207a4;Reiji Murais Vaughanq
0x25af4;Jonesc Camposg
0xe5e6;Philc Whiter
0x61d1;Neale Gulleya Cyril Altmeyerp
0x98ac;Bartunekt Dave Clarkeo
0x2526c;Praveeny Denan
0x14f04;Pav Jordank Volcovicif
0x181f4;Jessica Dyeu Jessicad
0x25e9d;Jeb Blountf Angelau
0x3db1;Edwardj Flitterk
0x1fd1;Aileen Wangw Ryan Vlastelicak
0x54d4;Sinead Carewe Paul Thomaschr
0x24ead;Clare Hutchisone Johnson Richardi
0x1dd96;Crawleyf Christined
0xa1d1;Robin Emmottj Christinaa
0xfcbf;Hephery Breidthardtb
0x1ffa2;Foo Yunt Barrerak
0x158a7;Fionam Jadhav Swatip
0x1e59a;Jochelle Mendoncab Maloner
0x18121;Lynn Adlerc Vikram Subhedarr
0xaec8;Leahv Ernestl
0xc889;Forgionex Sebastian Moffettu
0x7672;Rick Rothackerf Sineads
0x13a3f;Suen Fergus Jenseny
0xed3c;Guernigour Henryw
0x19698;Matthewm Dana
0x8f95;Kirstin Ridleya Kotokyt
0xad89;Uranakaf Doeringh
0x218f4;Stefanor Dailyr
0x1bdba;Andreas Cremerk Timg
0xa966;Silvia Antonioliq Olivia Orank
0x153c0;Johne Rinke Francescaf
0x2088a;Zaharian Saphira
0x1ab9f;Kylie MacLellang Edward Taylork
0xe3a9;Jasone Soyoung Kimz
0x20647;Katyat Nanette Byrness
0xa314;Jasonu Soyoung Kimz
0x1b8d8;Denao Andyw
0x1aa0;Rod Nickelm Ablanj
0x4ce8;Kazunoric Haysi
0xb84a;Grovert Kentaro Hamadaj
0x1201e;Lynch Emilyy Levinel
0x17bc7;Jeanine Preziosos Stevenb
0x2a76;Wayne Arnoldt Richardd
0x1faf1;Swethau Foo Yunq
0xdee1;Rossy Fergus Jenseny
0x10cf3;Clement Tana Klaymans
0x199f2;Jan Strupczewskil Andy Bruceq
0x1d5c7;Langi Chiangi Lucia Mutikanig
0x16456;Alwyn Scottf Phil Wahbab
0xc5f2;Serajul Quadirk Arakalih
0xbe1e;Adlerr Ken Willsh
0x975d;Paula Shaimaa Fayedk
0x51f0;Deepa Seetharamanu Ryan Vlastelicao
0x7e07;Ransdell Piersonm Millikend
0x1ca9a;Patrickq Dan Levinef
0x1f4d7;Moonk Seetharamanb
0x1c416;Seetharamanc Bryank
0x8109;Dana Alexei Anishchukz
0x23706;Mackenziev Sakari Suoninens
0x1cbb2;Leila Abboudi Laurenn
0x22e14;Alistaira Foot
0x5648;Barreraj Leah Schnurrp
0x21f47;Sinead Cruiseu Rothackerj
0xa35a;Natek Johnson Richardi
0xa1e2;Slaterm Herbert Lashu
0xdc08;Supanthao Johnsonj
0x62e7;Doug Palmerf Balad
0x15b2f;Douwe Miedemap Anishchukx
0x1c1e3;Koh Guil Anoojar
0x2131;Kentaros Georgiopoulosx
0x1f2d5;Doeringh Ayeshag
0xb8d5;Chanf Fletcherx
0x17fe2;Emily Flitterk David Gaffenk
0xe4e5;Viswanatham Terryr
0x22ecd;Viswanathau Ed Stoddardq
0x5634;Nadia Saleems Aditi Shrivastavad
0x1f63f;Doris Frankelb Andreasd
0xf343;Pettyi Aaronl
0x23114;Rothackerj Philippy
0x1f6bb;Martinne Gellerw Rick Rothackerf
0x1e552;Angelax Smith Paritoshd
0x23341;Jonathane Chg
0x6757;Amenab Dan Wilchinsj
0x25e3a;Grantn Henryw
0x23970;Sanjeevl Elinorp
0x1e295;Edward Krudyh Danubratau
0x1c015;Arakalih Schnurri
0x11d16;Ricko Ablanj
0x1f04;Andyc Herbertj
0x1cf9f;Katharina Barty Hamidq
0x18d1a;Klaymanv Serapiow
0x19633;Luke Bakert Valentina Accardox
0x1be0f;Thomass Leigh Thomask
0xf3d5;Charmiant Dis
0x1f974;Emmottl Martony
0x1013d;Colvino Brianr
0x6b52;Andreas Cremerj Alwyn Scottg
0x18cb0;Dan Levinen Emmanuel Jarryh
0x1a468;Kohi Lu Jianxink
0x2399f;Lionel Laurentx Robin Emmottj
0x18b53;Kiharad Phila
0x114a5;Lanninu Ablanj
0x8c1a;Dan Leviner Petee
0x6227;Aland Kiml
0x104c1;Dinay Barrp
0x6f91;Anishchukx Nadia Damounii
0x1f0fe;Growy Scotts
0x16caa;Alexeij Karenm
0x641c;Pedros Michael Szabov
0x22b4f;Luv Mohantyl
0x9b52;Sinead Carewp Jadhav Swatip
0x19ec7;Ross Kerberf Smith Paritoshd
0x10779;Emily Kaiserm Cableo
0x1a5ff;John McCrankp Paulb
0x1020b;Tommyo Danielb
0x192be;Ross Kerberv Bill Powellx
0x1573e;Estellei Alex rah
0x1fdac;Phile Alexei Oreskovicq
0x221a1;Edwardv Natem
0x1a508;Shihg Finkle Noele
0x14596;Stephensonf Emmottk
0x38ff;Flitterk Alex Chamberso
0x9025;Josephp Slaterq
0xb72c;Fooy Alexeih
0x19d24;Victoriae Edwardv
0x1b6b5;Elvina Nawagunaw Vlastelicav
0xa61d;Ayeshal Jeb Blountf
0x1817;Meganb Ricko
0x698f;Malathi Nayaks Lionel Laurentj
0x161b6;Neil Maidmentl Rachelle Younglais
0x11b59;Vlastelicav Stempelj
0x2a17;Solarinam McCranke
0xe985;Schnurra Sivak
0x7866;Mirwaisd Lefteris Papadimasq
0x587a;Alistairm Eric Onstadr
0x11aea;Luciana Lopezc Dougp
0x8b5c;Sinead Carewv Yokon
0x52dd;Chikafumi Hodov Stanleyo
0x1bf7f;Elinor Comlaye Philm
0x10daa;Browno Tommyo
0x14c88;Ed Stoddardq Herbert Lashr
0xb587;Yinkaz Anuragf
0x194ff;Oleg Vukmanovicg Alistairy
0xe27b;Alexei Anishchukz Wangg
0x852a;Rhysg Bartj
0x24edd;Robink Ryanp
0x194a9;Bakerj Frankelx
0x10034;Kreijgerz Daviesd
0x5e1c;Michelleg Lefterise
0xe4f9;Doug Palmerf Christined
0x87d3;Cinellie Carrick Mollenkampb
0x19cc5;Goelp Neil Chatterjeex
0x81e5;Juliaq Kazunoric
0x619e;Xiaoyi Shaoi Gellerb
0x16675;Stempelj Karen Jacobst
0x1a28b;Koky Edwardsy
0x22c56;Christiaan Hetzners Sujatak
0xea9d;Poornimae Frankelk
0x1e697;Annika Breidthardte Emmanuel Olaoyec
0x241e7;Kubotas Huett
0x14ade;Deyi Ahmannz
0x1a206;Ranganathanx Robin Paxtonn
0x2b8a;Sineads Olesya Dmitracovah
0x48fd;Olga Popovak Frewh
0x14f6f;Holtonb Andreat
0x18e2;Laup Barryd
0x21e94;Dennyd Nate Raymondr
0x330b;Kirstin Ridleyh Sophiec
0x1680d;Xiaoyi Shaou Saral
0x17c91;Fabiang Hornbyg
0x25bc1;Herbertw Xiaowenm
0x1779;Ayeshaz Alexx
0x1abae;Alistairu Gohj
0xe812;Alexx Shiha
0x1d18f;Wohlk Sybille dee
0xa340;Kirschbaumk Gernot Hellerv
0x5de2;Kaou Ros Krasnyp
0x25e90;Oreskovicw Annika Breidthardte
0x1801f;Jonathan Leffc Miyoung Kimg
0x179a8;Xiaowenm Natek
0x32f4;Marc Jonesc Carrelk
0x1e1b8;Langey Robertw
0x1b9b0;Johnsong Laurenn
0x251c3;Marius Zahariaw Laup
0xbffe;Scuffhamk Vlastelicad
0x25903;Tarmo Virkip Kubotas
0x211b9;Sabad Alwyni
0x1121d;Scottu Barrf
0x25490;Karolina Tagarisj Spiceru
0x170ff;Steveq Jessical
0x1a39b;Sven Egenteru McCranke
0x147af;Bartzi Carewn
0x214de;Zao Brownj
0x14d55;Dhanya Skariachanc Barrerak
0x5c3d;Karen Jacobsu Jan Harveyf
0x1aee1;Gergely Szakacsc Nathan Laynei
0x116e2;Wayneo Rhysd
0x12228;Freilicht Euan Rochaa
0x875b;Jonesx Rhysg
0x6471;Nate Raymondz Serapiow
0x1511f;Felsenthalc Andrew Callusb
0x44f2;Horowitzj Kiharap
0x1ef09;Jonesx Jonathan Stempelb
0x3432;Aaronl Emmottg
0x255a7;Rigbym McBridep
0x1cc57;Philippy Marius Zahariaw
0x10bf0;Davidx Grovert
0x22162;Saeed Azhard Nanette Byrnesg
0xd5df;Caroline Valetkevitchg Sitaraman Shankarp
0xfc31;Nanette Byrnesg Horowitze
0x17a52;Kaorio Michael Martinaz
0x7ba6;Jasone Barlyna
0x25c74;Sineadv Carlos Ruanoy
0x19eb2;Karenu Rascoet
0xaf99;Stempelj Rosss
0x1764d;Schneyerh Robertw
0x5f87;Rosenbergl Lefteris Papadimasq
0xcf4e;Sinead Carews Tetsushi Kajimotov
0xa17b;Wachtelm Pauls
0xb2c8;Nicolacii Dougp
0xc5f1;Serajul Quadirk Lucia Mutikanie
0xc6c6;Sakari Suoninenb Siddharth Cavalef
0x1144e;Kentaro Sugiyamae Luv
0x1ce18;Taraz Christopherc
0xa40f;Tomn Yoko Kubotar
0x11233;Robert Robertssonf Olzhas Auyezovu
0x3980;Jan Harveyh Ernest Scheyderr
0x57fb;Deepa Seetharamanu Phil Wahbab
0x19aa7;Dhanya Skariachanw Woodalld
0xcdcf;Yati Himatsingkae Bend
0x2255e;Kajimotoz Supanthao
0x12313;Alexei Anishchukq Azharx
0xd157;Toyerp Lauren Taram
0x131c0;Stephenx Sophiec
0x19992;Scheyderv Asmab
0xaa2e;Asmab Phila
0x24b9f;Estellei Prenticeu
0x1132e;Jasonb Kristav
0x18ad0;Lucianan Hilary Russo
0x9bb5;Walterx Marianna Parragaw
0x1cca0;Soham Chatterjeea Alexei Oreskovicf
0x1c029;Dhanya Skariachany Ben Berkowitzz
0x160db;Sierras Saphiru
0xbe8d;Phil Wahbab Miyoung Kimb
0x380a;Hilary Russo Piersonm
0x16bde;Charlesh Emmottu
0x1f95;Valetkevitchm Sven Egenteru
0x240f9;McCrankk Wangg
0x72be;Mutikanie Theopolisc
0x17da8;Langep Shirbonh
0xb8a2;Estellec Vikram Subhedarr
0x23474;Margareth Scott Haggettt
0x210c0;Leah Schnurrp Denao
0x11ac7;Alwyn Scottg Yantoultra Nguic
0x17e20;Michelef Leer
0x956b;Gregu Huwz
0xa0e0;Umesh Desaid Malonex
0x24ed1;Granta Yoko Kubotar
0x25156;Deepa Seetharamanm Ryan Vlastelicak
0x23eeb;Euan Rochaa Anna Driverd
0x260c;Theopolis Watersb Finerenu
0x1943a;Hellerd Mattp
0x21cb4;Huwv Huwd
0x11ce3;Ernest Scheyderb Olivia Oranr
0x507b;Stanleyo Qing Xiaoyih
0x1b2b7;Andreas Cremeru Yokon
0x143a8;Marshv Grant McCoolw
0x9a92;Kaorif Luciav
0x2cd8;Johno Robinr
0x22e91;Dominicf Paulk
0x1f7f1;Yokot Zhouc
0xf78a;Douwe Miedemaq Angus McDowallg
0x1364c;Diane Bartzy Matt Scuffhamk
0x209a7;Golubkoval Azharx
0x1eade;Cheel Saphira
0x23d5b;Barrerak Jeffsd
0x22e6d;Mirwaisd Renee Maltezouj
0x12b11;Paulb Emily Stephensonh
0x1d685;Soldatkinc Anna Ringstromm
0xbd2e;Billz Elenav
0x20979;Ryan Vlastelicab Robert Hetza
0xe707;Huwv Kathy Finnc
0x24cec;Clarkp Kevin Yaow
0xddf0;Chiangi Karenu
0x591a;Saraht Emotou
0x22308;Ken Willsh Charlie Zhuq
0x4ec0;Elinorp Waynee
0x236f5;Alberto Alerigib Jonathanp
0x25d6d;Greg Roumeliotisq Karen Jacobsu
0x25086;Vaughanl Toonkelf
0xc132;Dmitry Zhdannikovc Dianev
0x12d98;Spicerf Alisterp
0x1917c;Laurenn Scotts
0x1f369;Kreijgerz Tommyl
0x21260;Peters Silvia Antonioliq
0x17f2e;Philm Marcy Nicholsong
0x214d4;Foyd Leongn
0x3ae6;Christina Fincherk Gellerb
0x7ed9;Suzannez Prodhane
0x1ff26;Emmottc Eva Kuehnenb
0x25153;Deepa Seetharamanm Johny
0x11889;Jonathan Stempelh Toyerp
0x1fdb9;Chris Vellacottt Karend
0xb049;Olzhas Auyezovu Prodhanv
0x2592;Dena Aubing Jonasg
0x21fca;Danielle Assalveb Ramptoni
0x22251;Alwyni Steve Hollg
0x974b;McBrideq Levinel
0x20507;Jamesk Lynn Adlerc
0x9998;Lu Jianxink Alang
0x64ab;Frewh Christopherc
0x2023e;Luke Jeffsw Natem
0xab3a;Carrick Mollenkampn Alex Lawlers
0xe155;Oreskovico Ellen Freilichn
0x1a838;Lisam Alwyn Scottf
0x9d11;Stevent Joshual
0x1073d;George Georgiopoulosb Johne
0x171a2;Edwardsk Poornimag
0x4d35;Paul Days Whitesidess
0xe3e7;Angela Moonr Barrt
0x6c08;Kumarw Katharina Barty
0x9f97;Jan Harveyf Tagarish
0x16651;Careww Valetkevitchu
0x1506c;Foo Yunp Basesc
0x22bd2;Eva Kuehnenu Cohns
0x270b;Christiaan Hetznern Emman
0xcc0c;Diane Bartzl Simon Johnsonz
0x9a93;Ellen Freilichz Charlesh
0x1b6b0;Elvina Nawagunaw Emmottl
0x3884;Joan Grallat Barta
0x1dc9d;Poornima Guptaa Massimoy
0x17e4;Nateg Robin Emmottm
0x25d2;Pedro Nicolacim Frostq
0x21862;Christiew Youngu
0xa72e;Caroline Valetkevitchp Holly
0x222d9;Leika Kiharaz Kuehnenx
0x1ca6d;Dianev Nadia Damounio
0x18d7f;Ermand Georgiopoulosx
0x13088;Holly Kambasi
0x22147;Toyerp Anna Drivera
0x124e0;Pauli Smith Paritoshd
0x1c16c;Sheppardq Marius Zahariap
0x19782;Wakako Satod Victoria Bryano
0x5c0e;Whitef Rs
0x132c0;Nishantx Herbertc
0x43b8;Koky Shirbonh
0x24bca;Katya Wachteln Koh Guig
0x2042b;Silviao Josieu
0xec5f;Spicerl Aruna Viswanathae
0xc587;Alistairy Oreskovico
0x19b1;Katyat Dayn
0x1f5f0;Wheatleyh Diane Bartzl
0x25e0d;Amena Bakrb Paulk
0x1f011;Wayneo Yukhananovn
0x2573;Henry Foye Laurenz
0x22bc7;David Gaffenk Anns
0x9563;Leongn Poornima Guptaa
0x1edb8;Leske Noelc Karen Freifeldo
0x2664;Grovert Keithm
0x19026;Mark Felsenthalk Suzanney
0x1af7b;Ingridt Ernest Scheyderb
0x12ada;Kirstin Ridleyw David Henryg
0x1f78f;Natsukom Joseph Axe
0x131b7;Nate Raymondu Georginad
0x31eb;Grant McCooln Foyd
0x141ca;Mikolajczakq Carrelt
0xc1ff;Jason Langeq Melg
0x1e732;McCrankx Jink
0x2ac6;Marianna Parragac Emman
0xbc4b;Suen Karolina Tagarisj
0x1dce7;Maloner Ringstrom Johanm
0x1c48e;Emma Thomassonf Leahk
0x1a40b;Dmitracovaa Vidya Ranganathanb
0x6a59;Nadiaz Chuckw
0xcd4a;Janb Claran
0x25855;Andye Padraic Halpinf
0x15f5d;Ahmannz Jasonp
0x1c733;Sonyai Laurenf
0x21112;Carrelk Dan Kelleyk
0x1b8fb;Ryan Vlastelicat Viswanathad
0x1ee23;Saphirg James Pomfretz
0x1164a;Younglaii Rodrigo Camposm
0x33bf;Guernigou Danielr Jonathan Stempels
0xf1a2;Aubinp Pauli
0x4cb6;Aruna Viswanathae Kim Dixonx
0x10761;Jonathan Stempele Stefano Rebaudox
0x19362;Sleimans Olivia Oranr
0x15741;Estellei Angela Moonz
0x23ef6;Annh Catherinew
0x15559;Laura MacInnise Alerigif
0x18bd9;Laurence Frostx Elinor Comlaye
0x1f458;Tim Kellym Jochelle Mendoncaa
0x60ef;Conor Humphriesk Foyd
0x243b;McLeodc Suzanney
0x15e57;Carrickx Pettyi
0x22b52;Luv Martinae
0x6f98;Ana Nicolacio Mica Rosenbergb
0x120af;Anna Ringstromm Alan Wheatleyh
0x19e52;Robert Hetza Emma Thomassong
0x153a2;Thomas Ferraroz Raymondl
0x3d36;Katya Wachtelk Rothackerw
0x1373c;Saraha Braden Reddallg
0x6773;Grant McCooln Carrick Mollenkampb
0x20b97;Chris Buckleys LaCapray
0x1cce8;Ransdell Piersonf Ashleyg
0xa110;Strupczewskid Alistairu
0x4723;Singh Rossy Billv
0x1bb5f;Saphira Evag
0x1d9d6;Andreasi Dhanya Skariachanc
0x13f72;Fraendeh Evaa
0x6ed1;Sheppardw Nadia Saleems
0x1d1fd;Jamesf Shiha
0x15b65;Peter Griffithss Ilainaa
0x1ec84;Rossn Khettiya Jittapongv
0xc84d;Rigbym LaCaprad
0x2020f;Kellyo Phil Wahbag
0x15a05;Huw Jonesb Bend
0x1f08c;Hirschlerv Alistair Barry
0x252cb;Robj Singh Rossy
0x2049a;Ransdell Piersonm Foo Yunp
0xcd93;Jonathan Stempelc Herbertc
0x8cfc;Copleyw Ayeshag
0xfc9b;Slaterq Valetkevitchu
0x20744;Guernigour Jonathanp
0x170d7;Ayeshag Michael Ermanl
0x128f2;Martind Lawrence Whitet
0x5a45;Janx Aubinx
0x98a6;Bartunekt Emily Kaiserq
0x16546;Jonathano Gerry Shihy
0x21e18;Jonathan Stempeln Alexeij
0x10369;Dowsettt Katyaf
0x11529;Herbert Lashr Lionel Laurentj
0x11327;Alistairp Joshual
0x2101;Sarah Whited Mirnaj
0x1cb20;Douwe Miedemaw Bakerm
0x17a8;Bri Ranganathanx
0x4934;Chris Petersw Laura MacInnise
0x7beb;Willsx Robin Emmottj
0x80e4;Leight Cohnw
0x12c6d;Kim Dixond Nate Raymondv
0x4dc0;Ermana Frank Jackj
0xd28b;Marius Zahariap Levinel
0x14fa1;Nateb Herbert Lashu
0x5a4e;Wohlg Bhattacharjeex
0x194d6;Jonathan Cablei Krielc
0xfb56;Jason Langet McCrankb
0xcbb3;Lauren Tarao Tetsushi Kajimotox
0x1fa41;Alistaird Lucia Mutikanii
0x21554;Sujatak Griswoldr
0xd58f;Frostb Poornima Guptav
0x59b4;Poornima Guptaj Sruthi Ramakrishnany
0xd1ca;Ann Saphiry Granta
0x8d01;Copleyw Nadiaa
0x9eb5;Edwardsd Horowitzc
0x1c2f9;Saral Careww
0xe3fc;Adamw Kambasj
0x1501e;Jessicad Allison Martelln
0xe362;Dhanyat Laurenu
0x1f3bb;Stolli Peterl
0x1d78f;Grantn Clare Kanef
0x755e;Rigbym Vaughanq
0x1dc28;McAllisterb Gouldn
0x12996;LaCaprat Gellert
0x6e2f;Sam Forgionee Horowitzj
0x1724e;Whiter Jenniferk
0x33b2;Carolinex Hilary Russo
0xb95f;Estelle Shirbons Sagarika Jaisinghanip
0xa861;Krielc Elvina Nawagunaw
0x10d95;Philipm David Frenchq
0x20412;Gellero Kiharad
0xfc39;Claran Schombergu
0x1c6cf;Michael Ermany Poornimae
0x24167;Toonkelk Atossa Araxiae
0x2c0a;Vidalonw Samf
0x1aad5;Leikag Jessica Dyeu
0x1172c;Janm Lesleyk
0xd67d;Alistair Barry Rossn
0x1ee55;Kevin Yaoq Marianna Parragaw
0x4124;Matt Falloonm Cablen
0x98fe;Nated Jochelle Mendoncab
0x21361;Danielm Walshn
0x14236;Dianep Kreijgerz
0x1cfe8;Herberta Jessicac
0x1dcd8;Shirouzuc Gellers
0x14fa6;Saral Fionam
0x18cf6;Vaughanl Tarmo Virkip
0x184c6;Martinner Katyaf
0x19b79;Chris Buckleys Scott Haggettt
0x1723e;Liv Hirschlerv
0x1c4b5;Alperw Emmanuel Jarryh
0xe6c0;Clairey Peterl
0x17e2d;Karen Freifeldp Camposs
0xfca9;Tarap Horowitze
0xe859;Scheyderg Marc Jonesk
0x161b4;Neil Maidmentl Lucia Mutikanie
0x40ae;Zawadzkij Robertw
0x7c41;Siebelts Kaou
0x1e1f4;Stempelj Melanie Leey
0x1ff3f;Clare Hutchisony Suzannez
0x14b57;Jennifer Ablanh Copleyz
0x2195e;Grantn Caroline Valetkevitcho
0x5a23;LaCapra Grantj Williamj
0x7ceb;Andreas Rinken Andreao
0x24da4;Kazunori Takadab Tarap
0x22a25;Alexu Mennc
0x11363;Eileen Houlihanh Kaorip
0x21d34;Rod Nickelm Jany
0x1b796;Ortizo Ashleyn
0x1cbcd;Seetharamanc Clarkp
0xd0ad;Chadbournz Angela Moonr
0x297d;Lauram Matthew Goldsteinn
0x21771;Sibonneyk Aditi Shrivastavad
0x18ec2;Langey Soyoung Kimo
0x1280b;Damounis Eva Kuehnenu
0x1163d;Viswanathat Devidutta Tripathyq
0x64cf;Barlyna Siddharth Cavaleo
0x24924;Tomg Miyoung Kimb
0x739f;Halpins Sakari Suoninens
0xff42;Natem Jessicad
0x2035f;Leongz Lisa Richwinen
0x3bb8;Matthewm Poornima Guptau
0x4786;Soyoung Kimx Felsenthalc
0x1d93f;Krishnanx Rosemarie Franciscou
0x17e0f;Euanp Keithm
0x8aa2;Frankelk Caroline Copleyl
0x1f10c;Cohns Alberto Alerigib
0xea52;Sagarika Jaisinghanip David Jonesm
0x2bc7;Stevef Ross Kerberv
0x12159;Estelles Ransdellj
0x6415;Glenni Ramptoni
0x136a1;Janetb Barrc
0x18ee4;Angela Moone Bakerf
0x1670e;Alex Frewm Angela Moonz
0x1dc8e;Katharinak Sarahp
0x7484;Prodhanv Ellen Freilichd
0xb3a6;Goelp Petersono
0x10bbd;Alistairx Norihiko Shirouzuf
0x25faf;Ryanl Ken Willsh
0x7c89;Miyoungn Axt
0x18f8c;Umesh Desaid Nayako
0xdc44;Annj Jennifer Ablanh
0xeaea;Emma Thomassonw Hugh Bronsteine
0xaa7b;Alan Raybouldh Karenm
0x125f0;Damounis Whitesidess
0x1ae69;Nicolacii Poornima Guptaj
0x2261d;Sarah Morrisz Richa Naiduh
0x1f095;Lesleye Jessica Toonkelt
0x1650d;Atossai Sabac
0x1e6b1;Junko Fujitaz Emmottn
0x257f5;Toyerr Svear
0x1a731;Josephinec Barrf
0x4839;Brett Wolfb Tim Hepherp
0x12713;Sakthio Parisax
0x1192f;Naveenu Jan Harveyf
0x193bc;Carmel Crimminsy Crawleyf
0xe814;Robin Emmottr Mari Saitox
0x3921;Tim Kellyo Wangf
0x1b202;Nate Raymondm Danielg
0x21625;Richard Cowank Maushagens
0x47dc;Davidh John McCrankr
0x24aac;Seetharamanb Naveenu
0x66d9;Suzanney Clarkh
0x1bea6;Sheppardw Stephensonf
0xd626;Lisap Stevenj
0x4089;Spicern Ranganathanx
0x22fe8;Jasonz Jacke
0x1eed9;Picyy Charlesh
0xdb5d;Phil Wahbag Alexei Oreskovicq
0x1811d;Lynn Adlerc Bartunekt
0x13ce1;Sophie Sassardg Soyoung Kimk
0x17480;Langic Hephery
0x19e7;Elinor Comlaye Catherinew
0xa417;Gernot Hellerh Finkle Noele
0x21fc;Zhdannikovi Lesley Wroughtonx
0x14384;Pauli Matthias Blamontb
0x893d;Wanfeng Zhouw Aruna Viswanathac
0x21b0b;Ekr LaCaprad
0x12ff9;Lisa Richwinen Economics Correspondentc
0x1c1a8;Freilichp Ikuko Kurahonec
0x17c5f;Sanjeev Miglaniq Nicola Leskez
0x8332;McCranke Michael Martinay
0x245ad;Dena Aubine Sakarif
0x67f9;LaCapraf Julien Toyerg
0x4371;Adamg Michael Avokf
0x176b8;Alvarengak Mari Saitod
0x13efd;Lynnley Browningz Frankelx
0x1bbc4;Robin Paxtonn Rossn
0x1d6cc;Whitef Anns
0x11d8c;Karent Michaell
0xe9d6;Leighi Camposg
0x1151f;Gohj Atossa Araxiae
0x1daea;Lewis Krauskopfo Browno
0xd18e;Steve Schererz Johno
0x9d4a;Douweg Nadiaa
0x24a71;Mica Rosenbergb Barrf
0xb016;Shirouzuc Ann Saphira
0xe204;Khettiya Jittapongv Goelp
0x1ed87;Philc Schnurra
0x11737;Takenakam Deepa Seetharamanu
0x134dc;Poornima Guptav Christiaan Hetzners
0x13a92;Jennifera Shirouzug
0x799f;Catherinew Paul Days
0x4b66;Georgez Herbert Lashu
0x1dc03;Tetsushi Kajimotox Josephn
0x25637;Cruisel Carrickx
0x10a5e;Lesleye Nateb
0xf20a;Lambertg Rothackero
0x1ced5;Alexei Oreskovicr Carewn
0x1db0e;Grant McCooln Stevent
0x16f27;Victoria Bryano Sonali Paulc
0x491c;Herbert Lashu Daniel Flynns
0x30c8;Emmottl Nick Edwardsq
0x11497;Miguel Gutierrezg Michael Martinaz
0x1d4d7;Jeffsi Sven Egenteru
0x1783;Lisa Baertleinu Mutikanix
0x20095;Patriciap Philc
0x6c9a;Cummings Laurenm Kellyo
0x10b82;Jonathan Stempelk Danielb
0xf652;Sven Egenteru Simon Johnsonz
0x8d3b;Gouldn Melaniea
0x10314;Xinc Soyoung Kimf
0x7218;Jessical Wohlk
0xa4f1;Edward Krudyl Adamg
0x4b68;Georgez Aruna Viswanathae
0x9900;Nated Smith Paritoshd
0x1592f;Daum Kimu Thomasm
0x22785;Sivak Vaughanq
0x51f6;Devidutta Tripathyq Edward Taylork
0x1f483;Malathi Nayakm Jessica Dyec
0x12cb3;Olivia Orank Philm
0x1a1e4;Parisax Edwardss
0x244f8;Asia Chiefv Katharinai
0x10c92;Aradhana Aravindanw Tommyl
0x17da3;Langep Slaterm
0x24adf;Jonathan Gouldj Christiaant
0x2e44;Leahg Alexei Anishchukz
0x125cf;Sonali Paulc Rick Rothackerv
0x41be;Johnc Kelvinq
0xb10d;Katec Richardf
0x1ab5c;Wanfeng Zhouz Sayantani Ghosht
0x23bea;Kirstin Ridleyt Evag
0xbb39;Samf Emily Stephensonx
0x1ffd0;MacInnisy Rick Rothackers
0x1550d;Dhanya Skariachanh Luke Jeffsw
0x9764;Clare Kanef Lukei
0x2851;Paritoshs Barrt
0x1e084;Robertw Costa Markg
0xa637;Johnu Carrickx
0x202c4;Wardellj Danielg
0x2145a;Krudys Steve Slaterm
0x8dd7;Basiln Charlie Zhuh
0x170a1;Edwardv Ringstrom Johanm
0x16d84;Edward Taylork Prodhane
0x16639;Niveditar Chris Gallagheri
0xd7f4;Kohi Alan Wheatleyh
0x8682;Ian Chuau Ransdell Piersonf
0xcd32;Emma Thomassong Aizhup
0x275c;Bartj Rothackerw
0x2665;Grovert Angelao
0x13b8c;Timz Bryank
0xe0c1;Glenn Somervillet Leikau
0xf82e;George Georgiopoulosb Freilichp
0x12abd;Ermand Langic
0x5198;Elzio Barretoc Jasone
0x7314;Nick Edwardsq Ellen Freilichn
0x18f0b;Christopherc Dayn
0xf202;Guernigour Alisony
0x8011;Vikram Subhedarr Alexei Oreskovicf
0xa844;Eva Kuehnenb Alister Bullm
0x10c80;Vidya Ranganathanb Amanw
0xcd7d;Barrf Emma Thomassong
0x1b14d;Colev Christiaan Hetznerh
0x15fa4;Anna Driveri Shirouzuu
0x7c29;Melanie Leey Emma Thomassong
0x6f17;Philj Jessica Wohlq
0xa2f6;Maloneb Edwardsd
0x16d3e;Alisterp Jed Horowitzm
0x14ffa;Christiaan Hetznerh Ryan Vlastelicak
0x19cf3;Ryan Vlastelicag Masona
0xb8b1;Robin Emmottr Katya Wachteln
0xdf2a;Krielc Ranganathanx
0x1ea2b;Sc Edward Taylorh
0x1d180;Fiona Shaikht Alistair Barrf
0x4ed4;Saphiru Stella Dawsonx
0xe431;Paulk Jonathan Stempelk
0x18cde;Manuela Badawye Wilkesr
0x4da0;Thomass Jatindrax
0x10a92;Jessica Toonkelt Robert Robertssonf
0x18ef;Christopher Doeringv David Jonesm
0x209c0;Nivedita Bhattacharjeeq Jonathan Stempelk
0x7110;Rachellee Ryanv
0x17310;Tom Halsv Caroline Copleyl
0x1d21a;Anna Drivera Nadia Saleems
0xf937;Yaob Ian Chuau
0x607f;Stevenj Sam Forgionef
0x708d;Scuffhamf Yaoe
0x21800;McAllisterb Barreraj
0x2463c;Bryank Fooh
0x1aa0a;Dmitracovar Janetb
0x20971;Saeed Azharj Economics Correspondentc
0x10158;Emilyp Huw Jonesb
0x195fb;Emman Deepa Seetharamanh
0x1c311;Laurence Frostd Sinead Carewp
0x22cf6;Mutikanip Ryanu
0x1d1cc;Abhijit Neogye Christopherp
0x20d2e;Ryanq Jessica Toonkelt
0x19df3;Sarah Youngj Christiaan Hetznerh
0xaad8;Sabaf Lashy
0x113b2;Kwoki Nick Edwardsa
0xdb8d;Gavin Jonesa Arakalih
0x9e93;Yukhananovn LaCaprao
0x2288b;Alexa Thomasm
0xbd8c;Jasonu Wohll
0x7bae;Podkuln Whited
0x19719;Doris Frankelj Axt
0xb6b7;Alexei Oreskovicq Patrick Lanninb
0xe06f;Hurleyw Shihg
0x1a40a;Dmitracovaa Holtona
0x9fbd;Leika Kiharal Sabaj
0x7039;Bartj Schneyerh
0x9f79;Jan Harveyh Ann Saphira
0x10e5e;Cooperw Alistairu
0x213c;Ransdellj Padraic Halpini
0x1f60e;Brenda Gohc Emmanuel Olaoyec
0x108ea;Poornima Guptau Flitterk
0x164c4;Vidyas Freifeldv
0x23d2f;David Ingramd Poornima Guptav
0xde91;Alan Wheatleye McCranke
0x213b1;Alistairh Silvia Aloisiq
0x1c825;Nadiaa Alang
0x1aa2d;Paulb Rick Rothackers
0x1f00e;Holly Hugh Bronsteine
0xb87d;Palmerv Thomasl
0x9c60;Daniel Flynnz Denny Thomase
0x182ff;Dhanya Skariachanc David Frenchq
0x2453a;Rangef Mikolajczakq
0x2543f;Yaoe Schnurra
0x128fd;Rs Marke
0x13afd;Laurencer Wohlg
0x135a7;Aubinx Huw Jonesb
0xb589;Yinkaz Johnsong
0x12c78;Charlie Zhuh Lionel Laurents
0x9ffc;Menonx Lh
0x23d0b;Jason Langeo Carewn
0xc219;Stefano Rebaudox Dave Clarkeo
0x20b87;Stevent Wachtelm
0xb826;Katharinak Allison Martelln
0x7de7;Johnsonj Dayn
0xa91b;Karend Zhdannikovi
0x1928b;Clarkej Sam Forgionef
0x1f222;Daya Forgionex
0x2153d;Billz Sc
0xc6a2;Hugh Bronsteine Dmitrya
0x1f027;Suzannef Aileen Wangi
0x18cd8;Henningm Billz
0x253ed;Baker Sineadf Kim Dixona
0x10c5c;Janm Frank Jackj
0x1a78c;Dena Aubine Anna Driveri
0x1442f;Joshual Suzannez
0x9493;Marcin Goettigd Ronald Groverz
0x217bd;Eric Onstadr Prenticeu
0x5798;Daniel Alvarengas Christophd
0xd9d5;Bryana Drawbaughl
0x18b0;Tim Hepherp Cruiseu
0x1c1ab;Freilichp Schnurri
0x154ae;Spiceru LaCapraz
0x31ec;Grant McCooln Ermand
0x10bec;Alwyn Scottg Padraic Halpind
0x23df7;Philipm Caseyq
0x530c;Copleyw Breidthardtv
0x17482;Langic Terryr
0xbdc7;Sabaf Kubotas
0x25e43;Scotts Nick Edwardsd
0x25a0;Valetkevitchu Langiw
0x80e5;Leight Andreasd
0x1c602;Woodallg Ransdellx
0x3bbe;Andreao Khettiya Jittapongv
0x25f2b;Sabaj Anna Yukhananovy
0x204d4;Sam Forgionem Lisam
0x25f3;Younga Dave Clarkeo
0x1e39;Matthew Goldsteinb Robc
0xdd88;Chungl Ethanj
0x1fa3;Camposg Thomasm
0x1deff;Virkiw Alister Bullm
0x1277c;Jessica Wohlb Ulfi
0x6f8a;Anishchukx Jonathan Leffc
0x1e27a;Waynee Sudipq
0x9a4a;Rudegeairl Gellerb
0xd01d;Rothackerv Ian Chuau
0x19abf;Ashleyg Nia Williamsb
0x58ec;Miyoung Kimg Jonesg
0x1e63b;Mattp Mutikanix
0x19e08;Aditi Shrivastavad Steve Slaterd
0x15734;Rick Rothackerf Evag
0x14925;Nick Brownk McCooll
0x20924;Rodrigos Philippy
0x9f6c;Lefterise Leela Parkerp
0x1a2bb;Silvia Aloisid Valetkevitchm
0xfa07;Jeffsb Katya Wachtelp
0x25101;Sabac Lawrence Whitez
0x92d7;Edwardsk Klaymans
0xa633;Johnu Nate Raymondz
0x21915;Peter Rudegeaire Granto
0x187af;Davidm Yunj
0x800e;Vikram Subhedarr Katharinak
0x1c44a;Amanw Jed Horowitzm
0x4c4e;Jason Langei Erico
0x18833;Ethanj Douwe Miedemaq
0x1281c;Lynch Emilyy Sinead Carews
0x29b9;Ransdellv Saphirg
0x21a89;Nate Raymondm Grantu
0x1f10d;Cohns Georginad
0x11ebc;Ryan Vlastelicad Ranganathanx
0x2001c;Lopatkab Slaterq
0x5400;Lucianab Jenniferk
0x16251;Dhanyaa Jan Harveyh
0x443d;Yunc Estelle Shirbons
0xbbe9;Marc Jonesk Alexei Oreskovici
0x139fe;Natec Ermanw
0x1812;Olivia Oranr Philr
0x1d3cb;Whiteq Josephinec
0x1fb1f;Ernest Scheyderr Clarkp
0x24b52;Dinay Phila
0x16e74;Nickelq Daum Kimu
0x1358f;Ayesha Rascoek Huwv
0x1e0cc;Lefteris Papadimasi Jonesx
0x1efc7;Johnson Richardi Emi Emotot
0x839f;Lefteris Papadimasq Thomass
0x1f19b;Kim Dixona Alistair Barrf
0x886e;Emmottn Ian Chuau
0x21762;Marcye Robinc
0x2596f;Langem Ernestl
0x11662;Rodrigo Camposm Kuehnene
0x24410;Luciav Rick Rothackerv
0x20001;Frank Jackj Andrewr
0xd399;Doug Palmerh Manuela Badawye
0x9bf5;Yaox Johnu
0x5389;Marcusk Stevent
0x79b0;Angela Moonz Andrew Osbornc
0x1d16a;Jeffsb Peg Mackeyh
0x53b7;Younglain McCrankx
0x1d69c;Nishant Kumarz Raymondl
0x2560e;Lu Jianxink Peter Rudegeaire
0x84b5;Alex Frewm Aditi Shrivastavad
0x24ebf;Griswoldr Valetkevitchx
0x5d90;Herberty Andye
0x8a4f;Lionelx Steveq
0x16215;Hutchisonj Sivak
0x1ab06;Alex rax Matti
0xf54a;Ernest Scheyderg Baker Sineadf
0x19fae;Olivia Oranh Clement Tana
0xade9;Govindasamyd Aaronl
0x7eae;Christina Fincherk Huw Jonesb
0x153bf;Johne Ermand
0x1197c;Marke Flitterk
0x1435e;Ilainaa Paula
0x1a872;Jenniferq Caseyq
0x14dd3;Angelau Jonathan Stempelm
0x19ad0;Samuel Shenb Karent
0x213c0;Josieu Gernot Hellerv
0xbda6;Yuny Alex rah
0x12216;Danx Joshua Schneyers
0x25569;Rothackero Angela Moone
0x10a11;Ros Krasnyp Raymondr
0x12855;Abboudt Clare Hutchisony
0x1e201;Yantoultra Nguic Nadiaa
0x165ec;Sanjeevl Jan Strupczewskil
0x235e;Ernest Schuyderl Jessicac
0x9db9;Levinel Fabis
0x314e;Philr Svear
0x9745;Skariachanj Alexei Oreskovicr
0x2180;Neale Gulleya Gellert
0x13906;Emmanuel Olaoyec Tetsushi Kajimotox
0x234d3;Danielg Nicolap
0x2a37;Kaori Kanekof Stevenn
0x59c1;Woodallg Jennifer Ablanh
0x25037;Jonathanb Jessica Wohlq
0xe738;Matthieuh Viswanathat
0x652e;Lefteris Papadimasj Scuffhamt
0x16f36;Denny Thomase Ryan Vlastelicab
0x100dc;Barta Rascoet
0x1fe2d;Nate Raymondv Petersono
0x6c4e;Rick Rothackerm Danielg
0x8903;Lefteris Papadimasj Takenakam
0x20841;Gianluca Semeraror Kate Holtonp
0x707e;Gregu Lauren Taram
0x194cf;Fabis Osamua
0x2381e;Emmottu Herbertj
0x1c5bf;Finkle Noele Grazinaz
0x13129;Ayesha Rascoek Katharina Bartt
0x1ca1b;Leahy Saraht
0x11f76;Tomv Luke Bakert
0xbea3;Ritsukoc Doeringh
0x20e8d;Dailyr Lynnley Browningz
0x15b48;Giannoneo Herbertj
0x2b36;Patrickn Spicerl
0x18495;Jasonp McCranke
0x12f2c;Kajimotoh Strupczewskih
0x1e825;Garciaz Poornima Guptav
0x2523c;Noah Barkino Alexeit
0x1027f;Edward Krudyh Sakari Suoninens
0x1ba56;Jadhav Swatip Nicholah
0x18b90;Richardy Siddharth Cavalef
0x256f4;Grantu Martinner
0x495a;Fletcherx Karen Jacobst
0x6a72;Christiaan Hetznern Karen Jacobsu
0xe2dd;Frostq Arefu
0x1268c;Chees Philip Blenkinsopf
0x2546a;Lukei Clarkej
0x9aab;Raymondl Alwyn Scottf
0xb8c4;Jason Langez Steve Hollg
0x235df;Brett Wolfb Junko Fujitaz
0x23fe7;Chg Sybille dee
0xf0a8;Tetsushi Kajimotov Thomasm
0xeb5c;Elenav Carolinez
0x1cdb3;Jonathan Stempelr Kiharad
0xf7b6;Glenni Cyntiam
0x1e8d9;Stempelf Anna Ringstromn
0x8a5c;Greg Roumeliotisq Huwp
0x24f8a;Anna Yukhananova Caseyq
0x3578;Shihg Kohj
0x120d8;Vaughana Stefano Rebaudox
0x81ed;Deepa Seetharamanm Viswanathas
0xecd7;Atossa Araxiae Robin Emmottr
0x24fc8;Jochelle Mendoncaa Jan Harveyf
0x8be7;Gernot Hellerh Buggeu
0xfec1;Charlie Zhuh Bri
0xeeab;Christianu Daniel Basest
0x1c72f;Koh Guid Laup
0x22bc6;David Gaffenk Lashh
0x20ca0;Laura Noonanh Costa Markg
0x2fbf;Valetkevitchv Feldmanh
0x1e231;Alwyn Scottd Jed Horowitzm
0x12cfa;Valentina Accardox Sakarif
0xdde3;Robinx Noah Barkino
0x25caa;Ransdellj Scott DiSavinoy
0x10e4e;Dominique Vidalony Klaymanz
0x1bb77;Kambasi Himank Sharmad
0x3edb;Kevin Yaod Richardy
0x1c6e1;Mari Saitox Dhanya Skariachanh
0xffcd;Joel Dimmockb Leighi
0x19662;Ashleyn Marc Jonesu
0x6e7b;Breidthardtv Ayeshag
0x1e3f8;Rachnae Kristav
0x71ca;Jonathanp Michelle Sierrae
0x23ce5;Kate Holtonp Katem
0x1f4dc;Moonk Estelle Shirbons
0x9588;Jennifer Ablans Ryan Vlastelicao
0x1b97e;Jime Lesleye
0x789a;Padraic Halpini Schneyerh
0xb181;Walshn McCrankb
0xc288;Marcy Nicholsong Ann Saphirx
0x1fafd;Rick Rothackern Cheel
0xd69e;Denan Sinead Carewp
0x1755b;Poornima Guptaa Alister Bullh
0x58ad;Jink Alan Wheatleye
0x2405b;Luciam Luciae
0xeb95;Emmottk Natec
0xddd9;Warreng Leikau
0x22f09;Lomi Kriely Fraendeh
0x23497;Rodrigo Camposl Sherileea
0x25307;Alwyn Scottf Alister Bullh
0xdab5;Horowitzj Malonex
0x21b31;Peterl Horowitzj
0x2437;McLeodc Lauren Taram
0x25a41;Alister Bullm Valetkevitchy
0x929a;Scott Malonev David Brettc
0xaad9;Sabaf Alister Bulla
0x251fb;Carstenc Jonesg
0x19ce7;Lionel Laurentj Leahc
0x13a1c;Alexeih Soyoung Kimj
0x1156e;Saraht Emma Thomassonw
0x11fe3;LaCapraz Chungl
0x18bfa;Rascoet Wachtelk
0x52a2;Sam Forgionef Tiagor
0x2e5c;Vaughanq Kiharap
0xdc97;Davidh Marke
0x25e3d;Ortizo Matthew Goldsteinz
0x3162;Yokot Nicku
0x155dc;Oreskovicw Leongn
0x4342;Saitop Paulk
0x23aa5;Viswanathas Frewh
0x16328;Ayeshal Leongn
0xae50;Lawrence Whitet Devidutta Tripathyq
0x184da;Jessican Laurenz
0x1c993;Sarahp Giuseppe Fonteq
0x18aa2;Katharina Barty Andreas Rinken
0x2a7e;Niu Shupingq Georgez
0x8f79;Karen Jacobst Saral
0x7988;Marc Jonesu MacInnisy
0x1f02c;Suzannef Alex Chamberso
0x207f1;Saikat Chatterjeez Wangf
0x1dd3a;Dougp Eileen Houlihanh
0x19531;Katya Wachtelz LaCaprad
0x2bf7;Herbertm Herberta
0x1fda;Lashh Nateg
0x167db;Martinae Katharinak
0x209e4;Simon Johnsonz Mikeh
0xa369;Harrieto Carrick Mollenkampb
0x20a7e;Nathan Laynei Deepa Seetharamanm
0x18ffa;Carrelx Philm
0x106eb;Ryanu Alastair Sharpe
0x5850;Toyerp Doris Frankelh
0x167d8;Martinae Cableo
0x17d8d;Angelao Scot Paltrowv
0x225bb;Holtonb Eva Kuehnenp
0xaa9c;Andreasd Silvia Ognibenei
0x6f3c;Ben Berkowitzz Hutchisonj
0xacdb;Jasmin Melvins Sophie Sassardg
0x21619;Valetkevitchu Emmottl
0x52aa;Davidu Janetb
0x15666;Nicola Leskez Conor Humphriesk
0x184ea;Suzannef Alwyn Scottg
0x1e1a2;Palmerw Foo Yunq
0x3349;Chucks Ernest Scheyderg
0x1b195;Sineadl Niu Shupingq
0x21bbf;Alisonx Clarkh
0xd31b;Leika Kiharam Christinaa
0x2036c;Spiceri Anna Drivere
0x722c;Neil Chatterjeex Billz
0x23d8f;Balad Michael Avokf
0x128e2;Katyaf Deepaa
0x13adc;Pa Mutikaniu
0x211ab;Stevenk Denao
0x2075e;Saral Rhys Jonesi
0x14502;Deepa Babingtonn Roumeliotism
0xcd94;Jonathan Stempelc Jamesf
0x7c07;Steveo Lynche
0x1b7ad;Lynche Norihiko Shirouzuf
0x216e1;Rachellee Sinead Carews
0x15679;Youngu Castlez
0x12f91;Patrick Lanninb Chg
0x228f7;Aruna Viswanathae LaCapraf
0x14ffe;Christiaan Hetznerh Nickelq
0xf366;Valetkevitchj Doug Palmerh
0x16a3d;Ernesta Nivedita Bhattacharjeeq
0x23768;Richardd Taiga Uranakar
0x74d8;Pedroc Kellyo
0x1c6c3;Kylie MacLellang Alexei Oreskovici
0x1d34d;Economics Correspondentc Alistairp
0x9e3d;Kyliex Zaharian
0x1a850;Christiaant Douweg
0x20929;Rodrigos Thomass
0x1716c;Matthewm Alex rax
0x1e355;Ikuko Kurahonec Andreas Cremerj
0x20400;Alistaird Brian Growx
0x45df;Benk Ethanj
0xbdf0;Ryan Vlastelicak Kirschbaumk
0x1649d;Jonathan Stempels Hugh Bronsteine
0x1fbb2;Mutikanie Philc
0x6708;Drawbaughl Ken Willsh
0x15966;Alina Selyukhg Johnsong
0x3403;Kohk Sabad
0x1bbe4;Serapiow Scuffhamv
0xf570;Haysi John McCrankp
0xba6a;Soyoung Kimj James Pomfretz
0x9bb4;Walterx Shirouzuu
0x56ef;Winfreyg Alister Bulla
0x125c3;Sinead Carews Lisah
0xbade;Christinaa Asia Chiefv
0x239b5;Ayesha Rascoey Oreskovicz
0x5136;Melaniea Yati Himatsingkae
0xfcf6;Julie Steenhuysena Sabac
0x1b126;Paulu Mackenziev
0x223b7;Ellen Freilichn Pedro Nicolacim
0x1c389;Anoojar Sebastian Moffettu
0x742f;Nayako Edward Krudyl
0x1b827;Rothackeru Tiagor
0xf218;Andreat Wanfeng Zhouz
0x1679a;Yunx Claran
0xde83;Jessica Dyec Matt Scuffhaml
0x2f82;Gerryq Taraf
0x2051f;Johnson Samx Kambasi
0x20c92;Camposs Mikeh
0x1a318;Daniel Flynns Days
0x1a24a;Anns Huwz
0x1c8fc;Caroline Valetkevitchj Siddharth Cavalef
0xf72b;Alister Bullh Lucia Mutikanie
0x1aa9a;Christiaant Jessica Wohlq
0xbd44;Glenn Somervillem Josephp
0xa2a9;Steve Slaterd Laurenf
0x22e0b;Jennifer Ablanh McBridet
0x1a330;Scottr Schnurra
0xe116;Pete Sweeneyi Neil Chatterjeex
0x99d9;Rigbyj Devidutta Tripathyq
0xb220;Casey Sullivanu Ritsukoc
0x933d;Ahmannz Robinx
0x235dd;Swetha Gopinathh Lesleyk
0x3cbf;Daviesd Alvarengak
0xdf05;Toonkelf Langey
0x22608;Stevenb Sineads
0x1fa83;Spicern LaCapra Grantj
0x70e1;Mikolajczakq Janx
0x1f1cb;Rodrigo Camposm Jany
0x50c1;Clairey Brett Wolfb
0x100f6;Huaf Aizhup
0x7cf8;Clarkee Fang Yanp
0x1577b;Stempelq Dowsettt
0xd0ff;Suchitra Mohantyz Wakil
0x2a49;Ranganathany Laurenu
0x1541e;Robc Robin Emmottr
0x922f;Isabel Reynoldso Palmerw
0x148b7;Flynnp Christiaan Hetzners
0x24f51;Ricka Jany
0x218cf;Nick Edwardsa Flynnq
0x179c3;Matt Scuffhaml Richa Naiduh
0xe6c2;Clairey Andreas Rinken
0x1cc75;Saphira Manuela Badawye
0x1ab3e;Jonathan Stempeld Kambasj
0x14829;Robinc Leika Kiharaf
0x2297c;Annh Caroline Valetkevitchx
0x212a6;Lesleyk Robinr
0x1d52d;Giannoneo David Ingraml
0x11bbc;Olesya Dmitracovah Grant McCoolw
0x7c56;David Millikenn Gerry Shihy
0xa8ae;Nick Zieminskiq Lawrence Whitez
0x1a5af;Anna Yukhananovy Cablen
0x229b6;Jessica Wohlt Alina Selyukhg
0x21f98;Estelle Shirbonf Viswanatham
0x14c30;Jessican Marius Zahariap
0x1d53f;Janetb Maloner
0x180ba;Alwyn Scottz Kuehnenx
0x34d1;Andrewa Sophiec
0x1e704;Millikend Jessica Toonkelt
0x1ff66;Camposj Dmitrya
0x19430;Ryanu Soham Chatterjeea
0x7aef;Matthewg Danielle Assalveb
0x3ac2;Keith Weirk Silviao
0x6ddf;Huwx Lauram
0x1d3a8;Lynnley Browningd Swethau
0x7885;Shaimaa Fayedk Sam Forgionee
0x260d;Svear Huwp
0x1afbe;Costa Markg Alexei Oreskovicq
0x4a34;Foo Yunf Kumarw
0x9351;Tommyl Emmottg
0x6ee4;Lawrence Whitee Jessicad
0x2e1b;Jan Strupczewskid Bryank
0x12792;Samuel Shenb Shirouzuu
0x10c1b;Xiaoyi Shaou Nate Raymondr
0x395a;Padraic Halpinf Grant McCoolw
0x1bc5c;Christopherp Xiaoyi Shaoi
0x14d53;Rosss Yaox
0x19fc7;Nate Raymondu Alistairh
0x1a361;Bakerf David Ingramd
0x15952;Daniel Basest Nicholah
0x23c3b;Dhanya Skariachanw Lucianab
0x5271;Soyoung Kimf Jessica Wohld
0x4e9b;Anna Driverd Wakako Satod
0x23a0d;Nanette Byrnesg Douwet
0x6ddc;Ermanw Sarah Marshk
0x33af;Silviac Jonathan Stempelr
0xa806;Lisah Greg Roumeliotisq
0xa119;Sophied Kim Dixond
0x6b5e;Carewn Slaterq
0x12d5b;Griswoldr Jewkesj
0x2390b;Ann Saphira Ingridt
0x4787;Soyoung Kimx Spicern
0x5237;Ramptoni Lynn Adlerc
0x4224;Valdmanisl Rudegeairl
0x21a80;Ulfi Yinkaz
0x7726;Rhysd Johny
0x10e24;Granto Browno
0x2223a;Jonathan Stempelm Clare Hutchisone
0xbbf2;Moonf Barrt
0x1e584;Alwyn Scottz Katharina Bartt
0x1a4d7;Tarmof Saral
0x1de3e;Klaymanz Alex raz
0x71ab;Carolinez Nate Raymondv
0x18a92;Theopolis Watersb Scuffhamv
0x222a8;Sarah Morrisz Alistair Barrf
0x18667;Nachtigalh Melaniea
0x6b54;Andreas Cremerj Alisterd
0xae8c;Michelle Conlink Kevin Yaoq
0x166f7;Sebastian Moffettu Chris Gallagheri
0x11ea2;Pedro dau Damounis
0x58f7;Robin Emmottm Olivial
0x127f2;Emiq Scuffhamt
0x2577a;Johnsond Jonesc
0x9ee7;Rick Rothackerg Pete Sweeneyi
0x14120;Jed Horowitzm Ryanp
0x1a269;Suzannez Soyoung Kimf
0x3079;Carrick Mollenkampb Philr
0x1edde;Kwasij Alwyn Scottz
0x34e7;Thomassony Jasonz
0xb2ea;Camposj Horowitzb
0xbe8a;Phil Wahbab Andreao
0x19c2;Tagarish Days
0xf42a;Waynee Kazunori Takadax
0x5384;Stevenw Crawleyf
0x235f;Ernest Schuyderl Ellen Freilichz
0x14f05;Pav Jordank Karen Freifeldo
0x10183;Baldwinu Rick Rothackerm
0x82b8;Timz Emmottu
0xc6a7;Hugh Bronsteine Wayne Coleg
0x1b978;Rick Rothackers Dayn
0x1e36a;Caroline Valetkevitchx Evelinex
0xe693;Gellerb Sarahu
0x620a;Hetznera Millikend
0x40b1;Katharina Bartn Grantu
0x5d51;Ritsukoc Marcw
0x15fca;Bullj Ashleyg
0x10298;Kristen Haysq Marcusk
0x19089;Dena Aubine Yukhananovn
0x23262;Douwet Ilainaa
0xcf2f;Nick Edwardsf Moonk
0x1587b;Nick Edwardst Doug Palmerh
0x6db0;Stevenw Caroline Valetkevitchx
0x63c0;Olivia Oranh Yamaguchiz
0x23460;Lh Dhanya Skariachanw
0x25a19;Kimu Cruiseu
0x102f7;Vikram Subhedarh Carolinex
0x2277d;Dailyr Georginad
0x188cc;Wendli Schnurrk
0x23ba0;Himank Sharmad Rothackero
0x3f9b;Terryr Barrerak
0x7de8;Johnsonj Schnurra
0x4fa0;Bakerj Jonathan Stempeld
0x18a4;Mikeh Casey Sullivanu
0x1fa55;Jennifere Horowitze
0x1307a;Brx Michael Ermanl
0x2c30;David Laguek Henningm
0x23bd1;Levinea Mackenziev
0x223db;Scuffhamf Andreas Rinken
0x18930;Carolineu Anirbanh
0xf096;Danielz Thomasl
0xf6cb;Saphirl Anna Yukhananovy
0x18728;Cableo Jan Strupczewskic
0x16643;Rhysd Serajul Quadirk
0xdc0f;Douglas Busvinej Huntt
0x6337;Thomasl Eva Kuehnenb
0x250d5;Petee Pedron
0x20aa6;Cheev Lanninu
0x24126;Vorobyovai Emily Flitterv
0x1dac;Alastair Sharpe Alexei Oreskovicq
0x12886;Melg Robertw
0x1580b;Huw Jonesa Katharina Bartn
0x253b1;Marianna Parragaw Jatindrax
0x90fd;Agnieszkac Willsx
0x299a;Andrew Callusb Luke Jeffsw
0x9846;Wohlk Ranganathany
0x16eee;Pauls Ryan Vlastelicad
0x2159e;Philip Blenkinsopf Walterr
0x13185;Lisau Jan Harveyf
0xa13d;Alina Selyukhe Atossa Araxiae
0x41d6;Deepa Seetharamanu McCranke
0x30d7;Kim Dixonx Brx
0x1a57f;Luciae McCrankb
0x326f;Sineadb Barryd
0x5f84;Rosenbergl Ross Kerberv
0x133d1;Richardv Juliaq
0x12991;Sakthio Devidutta Tripathyq
0xb671;Osamua Johnsond
0xdacd;Cyril Altmeyerp Dinay
0x2273f;Joeb Praveeny
0x241bb;Supanthao Rodrigo Camposm
0x17d2b;Sayantani Ghosht Lynch Emilyy
0xb147;Valetkevitchr LaCaprad
0x21d87;Bakerf Emi Emotot
0x21e9b;Singh Rossy Ed Stoddardq
0x7bed;Willsx Giuseppe Fonteq
0xb474;Arefu Michelle Conlink
0x3210;Ricka Foo Yunq
0x5e2d;Emilye Wohll
0xf9a5;Estelles Soyoung Kimx
0x1af34;Sonyai Cummings Laurenm
0x14cda;Yaox Terryr
0x6c46;Pauli Karen Freifeldv
0x1ed2b;Theopolisc Deepa Seetharamanh
0x251ac;Stephen Manganr Takenakam
0x11905;Nadiaa Alexei Oreskovich
0x1a60d;Suen Nishantx
0x22d1;Katharina Bartn Menonx
0xd26d;Jani Clarkp
0x1e9bb;Robin Emmottw Rossy
0xd3e8;Mark Felsenthalk Alistair Barrf
0x8842;Finerenu Leikat
0xbd0d;Rigbyj Mendoncai
0x1b78d;Johnc Fabis
0x196ad;Meganb Junko Fujitaz
0x1515a;Katem Luciana Lopezc
0x2498c;Katharina Bartt Katharinac
0x7e3c;Ernest Scheyderg Francesco Guarascioh
0x6a2d;Hirschlers Janb
0xbb12;Junko Fujitav Noeln
0x6ebf;Leskee Frankelx
0x83f5;Carolineg Gellera
0x1c727;Yamaguchiz Serapiow
0x12108;Fooh Horowitzc
0x1560c;Caroline Valetkevitchx LaCaprax
0x24a97;Whitesidess Christiew
0x14382;Buggeu Lynche
0x770b;Sitaraman Shankarp Fletcherx
0x1802e;Jonathan Stempelk Frenchx
0x1e8ca;Donna Smithm Tom Polansekv
0x1781b;Tomn Viswanathau
0xd4b8;David Jonesm Alex rah
0x37aa;Sophie Sassardg Carlynl
0x84e1;Nanette Byrness Strupczewskih
0x150bf;Michaell Andreas Rinken
0xc558;Martins Ransdellv
0x1b95b;Maushagens Eva Kuehnenu
0x144ba;Paul Thomaschr Lashy
0x231bb;Natec Hetznera
0xe828;Viswanathap Wakil
0x13484;Richard Cowanb Michelleg
0x10ae6;Whiter Alexa
0x11b42;Clarkh Valetkevitchm
0x21043;Alex rah Petee
0x18084;Katharinai Janetb
0x78f6;Jonathan Saulg Angelau
0x18bef;Taiga Uranakar Oreskovicw
0x18b16;Suoninenv Joseph Axe
0x14136;Maloneb Andye
0x20f65;Guernigou Danielr Kotokyt
0x14c00;Lashb Kristen Haysq
0x2023f;Luke Jeffsw Eva Kuehnenb
0x15e19;Andyx Barrf
0x23212;Davidh Bryank
0x19dc;Andreasc Emma Thomassonf
0x16e12;Ernestd Pete Sweeneyi
0xd8e0;Laurencee Tim Kellyh
0x783a;Timg Steve Schererz
0x559f;Gouldn Himank Sharmad
0x16291;Alistair Barrf Tomn
0x1f428;Erico Horowitzb
0x1272d;Kate Holtonp Qing Xiaoyig
0xbc54;Carolineg Nanette Byrnesg
0x23b94;Alan Wheatleyh Adamg
0xeb66;Stempelf Barrt
0x23241;Kirstin Ridleya Suoninenv
0x1cbfc;Jenniferq Pomeroyi
0x17c7d;Mutikanix Ransdell Piersonf
0x13d03;Emmanuel Jarryh Williamj
0x18923;Shiha Guernigour
0xf3ec;Georginad Stefano Rebaudox
0xabfd;Ryan Vlastelicao Pfeiffero
0x1cd56;Moonf Sophie Sassardg
0x1c57f;Mennc Barrf
0xb264;Masoniz Jeffsi
0xfe05;Kotokyt Seetharamanc
0x1c002;Mincerg Michael Martinay
0xf00d;Tom Milesx Angelau
0x15113;Kelvinq Thomas Ferraroz
0x160df;Sierras Oreskovicw
0xc578;Grant McCooll Leika Kiharam
0x1efa9;Ermanw Juliaq
0x20cc3;Huwz Mattp
0xc794;Herbertt Chris Petersw
0x8422;Ransdell Piersonf Harrieto
0x6923;Nia Williamsb Natalie Thomasp
0x215ad;Joshua Schneyers LaCapraz
0xc360;Ilainaa Tim Kellym
0x14c7c;Castlez Jasone
0x23319;Anna Drivery Kambasi
0xb172;Emily Stephensonh Sibonneyk
0x24a98;Whitesidess Arakalih
0x345a;Kaorip Saeed Azharj
0x11893;Scottu Nate Raymondr
0x19b72;Dolano Eric Onstadr
0x12fb2;Vidya Ranganathanb LaCaprad
0xeca1;Miedemas Janm
0xdcd2;Jatindrax Soham Chatterjeea
0xac5c;Jan Strupczewskic Kambasi
0x40c6;Rothackerw Silvia Aloisid
0x22972;Nate Raymondr Raymondj
0x15164;Shirbonh Brx
0x259dc;Karen Freifeldp Luke Jeffsw
0x7cce;Lesleyz Richwinec
0x2f48;Emily Flitterr Aileen Wangw
0x163c6;Wilkesr Willsx
0x20ea5;Michelle Sierrae Seetharamanc
0xd0bb;Walterr Alisterp
0x6bfd;Basesw Huwp
0x2206e;Gabriel Debenedettio Sierras
0x22813;Karen Freifeldv Sruthi Ramakrishnany
0xe8c2;Kohj LaCapray
0xe8ad;Sinead Carewt Cruisel
0x15ab7;Carlos Ruanoy Brx
0x18c19;Leea Schnurra
0xa92d;Spicerl James Pomfretz
0x1082c;Whitew Cremere
0x17575;Andjarsari Paramadithaf Tom Polansekt
0x2387b;Tom Halsv Hephery
0x4015;Ann Saphirz Chiangi
0x1b08b;Janeman Latulb Ritsukoc
0x1d7bd;Leahv Lisah
0x1632d;Smithn Alex Dobuzinskiso
0x1ac35;Isabel Reynoldsp Angela Moonz
0x1eb40;Terryr Alex rah
0x235f6;Karolina Tagarisj Emilye
0x18c91;Raymondl Euan Rochaa
0xb52a;Alex Lawlers Holtonb
0x2fef;Ernestc Yukhananovn
0xe451;Wohll Toonkeln
0x206b9;Toonkeln Ann Saphirz
0x1bc00;Emily Stephensonx Alwyn Scottg
0x11653;Lucia Mutikanie Jonathanj
0x12a81;Jonesc Alwyn Scottd
0x1c52f;Munroem Freilicht
0x181e6;Richard Cowank Alberto Alerigib
0xcb4d;Josephn Alina Selyukhe
0x87fd;David Laguek Carolineu
0x122ef;Mari Saitod Ingridt
0x18789;Hideyukih Laurenf
0x1b528;Rick Rothackerv Hutchisonj
0x15a8a;Naveenu Sinead Carewv
0xa788;Wakil Qing Xiaoyig
0x1dc30;Fang Yanp Emily Flitterr
0x1e265;Nicholah Jennifere
0x184d3;Scot Paltrowv Berkowitzk
0x221e4;Alisterf Anishchukx
0x15742;Estellei Silviac
0x1a779;Goelp Rhysg
0x93f0;Andrewr Lefteris Papadimasq
0x1abea;Tom Polansekv Evaa
0xc589;Alistairy Dailyr
0x1d8d5;David Lawders Paul Thomaschr
0x722f;Neil Chatterjeex Anna Yukhananova
0x1101a;Chees Glenn Somervillem
0x152dd;Langet Stephensonf
0x20ad9;Rinkex Alwyni
0x7b5a;Anirbanh Peterl
0x7dcc;Nicolap Kwoki
0x18e2f;Lauriaq Aileen Wangi
0x1f724;Lauren Tarah Koh Guid
0x21ec4;Chees Sinead Carewe
0x1973b;Nadia Damounio Richa Naiduh
0x14481;Scott DiSavinoy Kubotas
0x40c2;Rothackerw Andy Bruceq
0xc143;Jacke Jonathan Stempeln
0xe7fa;McCrankb Mikeh
0x7ee3;Peterz Philip Blenkinsopf
0x1f2ef;Angelau Frankelk
0x1400b;Elzio Barretoc Sanjeevl
0x1f29;Cyril Altmeyerp Robertav
0xcb0e;Jessicac Cinellie
0x5cbe;Jonasg Jochelle Mendoncab
0x227e8;Stempelq Richardv
0x13a03;Sibonneyk Tagarish
0x23810;Pfeiffero Ryanl
0xb41f;Dmitrya Ricko
0xd029;Silvia Aloisiy Jonathanb
0x944b;Dan Kelleyk Gellers
0x1327e;Danubratau Sarah Marshk
0x138a3;Jonathany Smith Paritoshd
0x1b7c5;Andy Bruceq Fiona Shaikht
0xc1d5;Scott Haggettt Dinay
0x214c7;Nate Raymondr Yamaguchiz
0x171b;McBrideq Danielle Assalveb
0x1b914;Brianr Ann Saphirz
0x1db88;Ryan Vlastelicab Herbertw
0x18c4e;Lionel Laurents Gouldn
0x1a1c1;Dis Bakerm
0x14ab1;Kambasj Kentaro Sugiyamae
0x1ac84;Gregi Steve Schererz
0x1048e;Alex raz Danielm
0x13c7d;Roumeliotisb Ryanl
0x22b36;Laurenu Philr
0x1ceeb;Kristen Haysq Strupczewskih
0x21219;Shirouzuu Saphiru
0x15b5e;Peter Griffithss Mattp
0x21321;Daniel Manoja Ryanl
0x6a66;Richa Naiduh Jessicac
0x2fbe;Valetkevitchv Atossa Araxiae
0x17b39;Ronald Groverz Kuehnenx
0x1c934;Fayenw Anna Drivery
0x1a19b;Lauriaq Alan Wheatleye
0x4c71;David Henryg Stevenk
0x25e9a;Jeb Blountf Herbertj
0x14509;Deepa Babingtonn Emily Kaiserq
0xee36;Whited Mincerg
0x53cd;Emmottn Kevin Yaow
0x287f;LaCaprad Walterr
0x21aec;Sakari Suoninens Kate Holtonp
0x2430b;Herbertc Palmerw
0x1cfb8;Lee Lucym Simon Johnsonz
0x1fd1c;Emi Emotot Subhadip Sircarf
0x22e09;Joy Leungh Pauli
0x1968d;Tiagor Alwyn Scottf
0x15699;Horowitze Deyi
0x70df;Tim Kellym Junko Fujitav
0x543a;Qing Xiaoyig Bend
0xcf85;Cablen Sujatak
0x1cb6;Ernest Scheyderr Andyx
0xe96e;David Brettc Nigel Daviesw
0x214a1;LaCaprax Saitop
0x192b5;Rossg Alistairm
0x836d;Katharina Bartt Raymondj
0xbdc8;Soyoungw Jonathan Stempelr
0x20743;David Ingramd Charlie Zhuq
0x15b9f;Stephensonc Ryanv
0x17a7;Bri Oreskovico
0x3639;Gellera Robj
0xe979;Robinr Sivak
0x6f38;Ben Berkowitzz Barrt
0x5f54;Seetharamann Alisterp
0xc4ed;Terry Baynesh Hirschlers
0x12325;Henry Foye Amena Bakrb
0x247fe;Annaw Katec
0x2456f;Carewl Anna Drivery
0x7194;Huwd Steve Schererz
0x15c73;Roumeliotism Georgen
0x22519;Gellers Danielg
0x1ceb0;Lisa Baertleinw Ann Saphirz
0x15b84;Janm Zao
0x4fda;Matthew Goldsteinz Xiaoyi Shaou
0x18661;Axt Winfreyg
0x16b7f;Evelinex Ernestl
0x6c61;Herberty Laura Noonanh
0x192fa;Kazunori Takadax Hurleyw
0x234a2;Rigbym Yukhananovn
0xabbd;Vlastelicad Barrf
0x1979e;Soyoung Kimo Caseyq
0x167a1;Yunx Paulu
0x8598;Shirouzug Sophiec
0x265e;Grovert Brianr
0x1b87b;Copleyz Sherileea
0x1150f;Lucia Mutikanii Clement Tana
0x1832a;Siddharth Cavalef Hephery
0x5288;Ayesha Rascoey Camposj
0xb82d;Sarah Marshk Ekr
0x318a;Laura MacInnise Masona
0x25b8b;Klaymanv Lidia Kellyg
0x24aea;Georgen Sagarika Jaisinghanip
0x256d2;Sybille dee Leelaq
0x1b200;Stevenj Maria Sheahani
0xa5c8;Paul Taylorh Kellyo
0x34ac;Qing Xiaoyih Stevenb
0x16644;Flynnp Shiha
0x117bd;Matthew Goldsteinn Natalie Thomasp
0x23425;Hirschlerh Janx
0x1e62b;Katharinac Edwardv
0x2153a;Kristav Simon Johnsonz
0x22b47;Rodrigoc Shihd
0xee32;Whited Colev
0xc23d;Cruiseu Solarinam
0x36d2;Dmitry Zhdannikovc Soldatkinc
0x11856;Kentaro Hamadaj Vidya Ranganathanb
0x21caf;Chris Wickhamw Jennifere
0x180b;Pomeroyi Marcusk
0x94c2;Xiaowenm Tiagor
0xef47;Billv Philc
0x10a77;Cohnw Mirwaisd
0xb33a;Alerigif Janm
0x244ba;Michael Ermanl Saphirg
0x104e3;Kuehnene Warreng
0x227ac;Baldwinc Elinorp
0x24967;Stella Dawsonx Adrianr
0x7be3;Dhanyaj Dmitracovar
0xc3be;Gabriel Debenedettio Suzanney
0x6f5a;Patrick Ruckerw Nate Raymondu
0x181a4;Robinr Rs
0x1f552;Evaa Sruthi Ramakrishnany
0x3b1c;Richardf Henning Gloysteinx
0x1baa2;Tom Polansekv Richard Cowank
0x1b636;Allison Martelln Tomg
0x6d71;Huwx Peteri
0x635e;Foo Yuny Antonib
0x11731;Janm Laurenz
0xae3a;Klaymans Kwoki
0x21196;Kevinz Kate Holtonp
0x5c70;David Frenchq Jasonp
0xbb09;Bend Fooy
0x1eed7;Picyy Georginad
0xf85e;Deepaa Danielg
0x12b71;LaCaprao Natem
0x79ac;Angela Moonz Wakako Satod
0x1bbfb;Emily Stephensonx Christophd
0x19fc6;Hamidq Dan Leviner
0x8976;Alang Brx
0x19ad1;Peter Rudegeairv Malonex
0x1583c;Scheyderk Matthieuh
0x1f279;Peter Rudegeairv Steve Schererz
0x1ecd7;Robertav Herbertw
0x1f2c1;Kohs Slaterm
0x9546;Schnurry Alex raz
0x9c24;Kiharap Nadia Damounii
0x11a21;Gohj Tarap
0x1e5bf;Zeba Siddiquir Ortizo
0xfe0e;Hyunjoo Jinh Angela Moone
0x21679;Leika Kiharal Jonathan Stempelm
0x1cfc2;Rothackero Alexei Oreskovich
0x1d99f;Leahc Sayantani Ghosht
0x9f85;Foo Yunt Kim Dixond
0x2043c;MacLellanz Huw Jonesb
0xfa88;Ernestl Maloner
0x1f3c8;Nicolaciv Cinellie
0x1726f;Zhangq Emily Flitterv
0x21e4a;Nayako Kylie MacLellang
0x13c4d;Oreskovicp Steve Slaterm
0x10a3f;Feldmanh Supanthao
0x1bbdd;Lucia Mutikanig Frankelk
0x3dc9;Sineadv Lawrence Whitet
0x1cc8c;Foo Yunq Lisap
0x1d54b;Jim Finkleu Peter Rudegeairj
0x6c3c;Sinead Cruisej Viswanathas
0x25e7;Volcovicif Hamidq
0x139d4;Natek Lewis Krauskopfo
0x24bf2;Breidthardtb Soyoung Kimz
0x12ac7;Krista Hughesb Framkee
0x1a497;Sakari Suoninenb Dhanya Skariachanc
0x23b7b;Shermanb Herberty
0x84b2;Taraf Chris Gallagheri
0xef59;Foo Yuny Frankelx
0x23d07;Jason Langeo Chucks
0x20d44;Ethanj Balad
0x23f35;Martella Hornbyg
0x1aaae;Antonib Nivedita Bhattacharjeeq
0x20025;David Ingraml Rick Rothackerg
0x200bf;Nick Edwardsd Dan Kelleyk
0x81c8;Lesleye Sakaria
0x1d6c1;Prenticeu Phile
0x1b9ea;Richardn McBridet
0x16fbb;Ananthalakshmif Lucia Mutikanig
0x18739;Gellert Zawadzkij
0xde52;Victoriah Andreat
0xf56b;Haysi Richardf
0xd08b;Williamj Valetkevitchm
0xe52d;Leika Kiharaz Nate Raymondr
0x15ab1;Lukei Sabad
0x195d6;Rick Rothackerm Gohj
0x11774;Yunf Emilyp
0x2000d;Zhouc Timg
0xa7b5;Stevenn Dominicf
0x16e3a;Amran Abocarn Gerry Shihf
0x10914;Foos Poornima Guptaa
0x6e55;Tim Kellyh Scott Haggettt
0x22297;Christianu Alistairh
0x11e5d;Ermana Kristav
0x1469e;Katharinac Yaoe
0x8844;Finerenu Viswanathap
0x1579e;Mohantyl Robinx
0x14532;Edwardss Hyunjoo Jinh
0x24e19;Padraic Halpind Lisar
0x1ac18;Seetharamanc Adamg
0xb88b;Frewh Robin Emmottw
0xa411;Tomn Ablanj
0xb75b;Stefano Rebaudox Alistairm
0xa959;James Daveyn Cooperw
0xfaa3;Schnurra Alexx
0x15bee;Raymondr Sinead Carews
0x1b255;Leer Kaorip
0x17b73;Rosss Buggeu
0x16c80;Roumeliotisb Jasone
0x16eb2;Harrieto Ben Berkowitzz
0x8a21;Keithm Herbertm
0x1f3df;Anna Drivere Andreas Rinken
0x19464;Joseph Axe Vidyas
0xe18e;Berkrotw Karen Freifeldx
0x5c9e;Emily Flitterv Andreasc
0x10575;Aizhup Rick Rothackerm
0xcde8;Eva Kuehnenx Marius Zahariap
0xc913;Yoko Kubotar Angelai
0xe85d;Scheyderg Michelef
0x10aee;Aruna Viswanathac Hetznera
0x24b88;Lev Jonathan Cablei
0x1413b;Maloneb Ernestc
0x1c338;Barrj Yunc
0x17862;Tarmo Virkip Steve Slaterm
0x120a7;Kirstin Ridleyw Sakarif
0x21802;McAllisterb Michael Ermany
0x8630;Josieu Berkowitzk
0xa783;Wakil Wayne Arnoldt
0x3a4f;Massimoy Elvina Nawagunaw
0x3daa;Edwardj Taraz
0x13845;Brx Nicolap
0xd2b0;Leigh Thomask Huwv
0x21175;Katya Wachtelz Peterl
0x1390f;Koh Guig Jedh
0xf0cd;Carolinee Katharinao
0x10b7f;Garciaz Sruthi Ramakrishnany
0x22bc9;David Gaffenk Johnc
0x17543;Sinead Carewe Kevin Yaoq
0x155d0;Paritosh Bansalb Glenn Somervillet
0x1549e;Sarahw Miyoung Kimj
0xb2aa;Aland Doris Frankelh
0x1b34e;Gerry Shihy Saeed Azhard
0xac7c;Bradenz Alisterd
0x3e9d;Lisaa Klaymanv
0x3090;Ann Saphirx Barrerak
0x12104;Fooh Stevenb
0x1bd65;Qing Xiaoyig Jessical
0x25665;Leilaz Ermana
0xaff9;Berkrotb Valetkevitchj
0x22b55;Luv Foyd
0x1b56c;Baldwinc McBridep
0x6aa4;Jan Harveyh Stella Dawsonx
0x8cfe;Copleyw Jonathan Cablei
0x9426;Charlie Zhuq Rothackero
0x20875;Horowitzb Jessica Wohlt
0x24b71;Dan Levinef Richard Leongp
0x18f42;Andyw Herberty
0x2342e;Noeln Hamidq
0x2daf;Jenniferk Paulk
0xe318;Carrelt Michael Martinay
0x80c4;Nicku Pete Sweeneyi
0x1362c;Chris Gallagheri Griswoldr
0x2172;Michael Avokf Saeed Azhard
0xf102;Michael Martinay Caroline Valetkevitchx
0x5ade;Nigel Daviesw Matt Scuffhamk
0x10ddd;Sherileea Sivak
0xc83e;Lawrence Whitee Osamua
0x1d27e;Gavind Miyoung Kimb
0x1919c;Pedro Nicolacim Jessica Dyeu
0x1d40c;Ryanq Alexei Oreskovicr
0x1b7ea;Lisap Kirstin Ridleyh
0x258c7;Oreskovico Gregi
0x17ece;Andrewz Steve Slaterm
0x25303;Alwyn Scottf Rothackerj
0x1c9f4;Leela Parkerp Kaori Kanekof
0x17acb;Woodallp Prenticeu
0xd81f;Alvarengak Andrew Callusd
0xf972;Thomasm Jed Horowitzm
0xa065;Laurencer Jeremy Gauntr
0x10005;Kwoka Sineads
0x1824c;Alina Selyukhg Emmottu
0x278b;Anna Ringstromn Anna Drivery
0x97c5;Saphiri Johno
0x9733;Jason Langeq Sanjeev Miglaniq
0x6c68;Matthias Blamontb Isabel Reynoldso
0x4df5;Clare Kanef Danielg
0x16ab9;Aileen Wangi Natsukom
0x3a2a;Carlynl Eva Kuehnenu
0x16fb0;Foot Emmanuel Jarryh
0x1ef13;Leea Matti
0x12546;Bullj Jasonb
0x1f83b;Ransdell Piersonf Viswanathap
0x13fd3;Hendrik Sackmannb Matti
0xe233;Eva Kuehnenp Leilaz
0x9631;Woodalld Reiji Murais
0x20bae;Gellers Joshua Schneyers
0x699a;Martony Nicolap
0x1b466;Catherinew Danielg
0x411a;Caroline Valetkevitcht Anna Ringstromn
0xe237;Gavind Suzannez
0x20ec9;Soyounga Martinner
0x3fde;Silvia Aloisiy Rascoet
0x1809b;Rosenp Alwyn Scottd
0x1882e;Ethanj Dhanyaa
0x235ff;Yokon Michelle Conlink
0x18584;Sinead Carews Neale Gulleya
0x25d94;Chuckw Arakalih
0x350c;Barrc Jason Langeo
0x4670;Melg Hetznera
0x36c8;Sarahu Virkiw
0x19852;Bakerm Kevin Yaod
0x246ba;Scuffhamv Basesc
0x165b5;Hirschlerv Xiaowenm
0x21ccb;Frenchx Barrc
0xfb7c;Olzhas Auyezovu Axt
0x4812;Ernesta Rothackero
0x5f00;Laup Charmiant
0x19c9e;Walterr Jennifere
0x1f12e;Mikew George Georgiopoulosb
0x1fab;Schnurrk Kotokyt
0xd971;Angelai Ryan Vlastelicak
0x51a2;McBridet Jonathan Stempelc
0xb72b;Fooy Marshv
0x1f7f;Luke Bakert Sophied
0x1385e;Alister Bulla Yoko Kubotar
0x24c5b;Ryanv Costa Markg
0xf228;Andrew Callusd Xiaoyi Shaou
0x12d05;Katya Wachtelp Tom Polansekt
0x193c6;Lefteris Papadimasw Maloner
0x4849;Georgiopoulosx Castlez
0x7f04;Carey Gillama Neil Maidmentl
0x1f868;Freifeldu Massimoy
0x1f1fa;Peteri Ernest Scheyderr
0x21c4e;Sakarif Charmiant
0xcdb9;Jessica Wohlq Emmottg
0x60df;Stellad Reiji Murais
0xe2bd;Strupczewskih Patrickq
0x1b5e4;Blountf Nick Edwardst
0x149ce;Evag Scott Malonev
0x24516;Sruthi Ramakrishnany Giuseppe Fonteq
0x2475b;Ellen Freilichd Alister Bulla
0xe679;Johnu Yamaguchiz
0x15a59;Cyril Altmeyerp Castlez
0x1b53b;Emi Emotot Viswanathas
0x241fe;Sabaj Alex Lawlers
0xb149;Valetkevitchr Buggeu
0x193a0;Valetkevitchx Jeanine Preziosos
0x1de4b;Emman Rodrigoc
0x14694;Bhattacharjeex Jessica Wohlt
0x1c85f;Ellen Freilichn Lesleyk
0x11b5a;Vlastelicav Estelle Shirbons
0x1e720;Mennc Kaorif
0x5f30;Cheeu Sarah Morrisz
0x22a6f;Lynnley Browningz Murain
0x1e53b;Anastasia Teterevlevaz Kubotay
0x117b2;Kambasj Kajimotoz
0x2718;Xinc Yunj
0x1b31;Hornbyg Alexei Oreskovicq
0x4d17;Silviac Lynn Adlerc
0x2101f;Viswanathad Jonathan Gouldj
0x1442e;Joshual Seetharamanb
0x3f77;Ahmedv Alwyn Scottf
0x4a33;Foo Yunf Tim Hepherp
0xa8a9;Soyoung Kimk Jonathany
0x14b9f;Francesco Guarascioh Robini
0x1df58;Catherine Hornbya Lopatkab
0x20467;Soyoungj Clare Hutchisone
0x9a7a;Jonesg Estellec
0x89f5;Kim Dixona Foyd
0x17c52;Matti Nigel Daviesw
0x1aa9d;Andrewa Freilichp
0x104d0;Kiml Barrp
0x20c27;James Daveyn Patriciap
0x1c3e1;Poornima Guptaj Kathy Finnc
0x19839;Lawrence Whitez Spiceri
0x1407b;Rodrigoc Daya
0x210e3;Oreskovicz Toonkelk
0x10bd3;Martinne Gelleru Kuehnenx
0x19d31;Siddharth Cavalef Matt Scuffhamk
0x1c98;Subhadip Sircarf Julien Toyeri
0x13e52;Suzanne Barlyno Dailyr
0x103f3;Johny Saphira
0x1b114;Cremere Nivedita Bhattacharjeeq
0xeb26;Lesley Wroughtonx Thomasm
0x1c957;Edwardj Nate Raymondz
0x11b51;Rosh Jonathan Spicerf
0xd28c;Marius Zahariap Smith Paritoshd
0x41fd;Tarmof Matt Falloonm
0x16430;Ablanj Rigbyj
0x1909f;Andrew Callusj Ernest Scheyderr
0xacad;Richardn Rs
0x17c6a;Carmel Crimminsy Karenu
0x20d6b;Berkowitzk Leika Kiharaz
0x20c9f;Laura Noonanh Herbertm
0x2dcb;Alexei Oreskovich Prodhanv
0xda46;Thanv Kubotay
0xb49a;Smith Paritoshd Ernest Scheyderb
0x16dfd;Valetkevitchy Fraendeh
0x1527c;Matthias Blamontb Kentaros
0x18727;Dougp Lauren Tarah
0x1b862;Frankelx Katya Wachtelk
0x15128;Laurenf Kreijgerz
0x5b8a;Renee Maltezouj Nick Edwardsa
0x143ce;Natek Suzannef
0x15231;Andrew Callusd LaCapraz
0x2373c;Yunc Yunf
0x13553;Mackenziev Georgiopoulosx
0x63fa;Alisterd Dominicf
0x233ac;Pedron Prodhane
0xf564;Alex Chamberso Dave Clarkej
0x2b93;Flynnq Karen Freifeldo
0x190c3;Piersonm Huett
0x4a3b;Kirstin Ridleya Sinead Carewe
0x21af9;Rhys Jonesi Marius Zahariaw
0x2213d;Alexeit Matthew Goldsteinn
0x10554;Karen Freifeldo Alina Selyukhg
0x353b;Nigel Daviesw Frostq
0x1e156;Doug Palmerf Ramptoni
0x235cf;Eva Kuehnenx Days
0x10b8e;Miyoung Kimj Freilicht
0xa00f;Jessicao Katyat
0x213eb;Herbertm Stevenk
0x1ab4e;Steve Jamesb Kaorif
0x48d6;Emmottg Jessica Wohlb
0x22a71;Munroem Kaori Kanekof
0x713f;Rossg Soyoung Kimk
0x10f6f;Doris Frankelh Agnieszkac
0x1c6f9;Xiaowenm Gergely Szakacsc
0xe473;LaCapray Emilye
0x21803;McAllisterb Amenab
0x17078;Alisony Gellers
0x20da4;Sakaria McBrideq
0x56fd;Siddharth Cavaleo Axt
0x19945;Bhattacharjeeq Thomas Ferraroz
0x1d8c7;Kuehnenx Jadhav Swatip
0x1bf98;Anna Drivera Granto
0x174ed;Suen Grant McCooln
0xa130;Horowitzc Alina Selyukhe
0x207b3;Scheyderd Spiceru
0x721f;Langet Barlyna
0x1d3c1;Marton Dunaia Foo Yunq
0x1481f;Carewl Euan Rochaa
0x22b21;Jonathan Saulg Gellero
0x151a3;Michael Szabov Atossai
0x10f02;Silvia Ognibenei Foo Yunq
0x1446a;David Jonesm Dhanyaa
0x22d70;Caroline Valetkevitcho Lisaa
0x258b0;Andreasc Kambasi
0x12985;Mendoncai Younga
0xdb61;Phil Wahbag Kimu
0x69be;Deepa Babingtone Woodallg
0x2b5d;Rachelle Younglais Rachelle Younglaig
0x1ba62;Leikau Jessicac
0x211db;Jeremy Gauntr Pauli
0x2cb4;Jennifer Ablans Sinead Cruiseu
0x7fdf;Lidia Kellyg Alang
0x23e1c;Barrp Gerry Shihy
0x17ab4;Kubotas Jim Finklek
0x5785;Barryd Anna Driverw
0xfa12;Saphirg Stevenw
0x1973e;Nadia Damounio Sinead Carewv
0x1c88a;Leigh Thomasi Sophiec
0x770f;Sitaraman Shankarp Andreas Rinken
0x5a4f;Wohlg Ashleyn
0xd57e;Lashy Jonathanj
0x212cb;Norihiko Shirouzuf Johnson Richardi
0x2186d;Sophiec Sabad
0x25673;Amran Abocarq Miyoungn
0x252ec;Ryan Vlastelicao Lucy Hornbyr
0xe21c;Katharinao Karen Jacobsu
0x23611;Matt Scuffhamk Richardy
0x15270;Petersono Anna Driveri
0x3ae1;Prodhani Tom Polansekv
0xc89d;Ryan Vlastelicar Cyril Altmeyerp
0x9ee5;Rick Rothackerg Huntt
0xb4d6;Anna Driverw Marianna Parragac
0x7e16;Colvino Alisterp
0xb985;Carvalhok Jan Strupczewskid
0xe100;Leikat Adamg
0x25b72;Gregq Philip Shishkinc
0x226b1;Yunj Fang Yanp
0x2f3e;Clarkp Spicerf
0x20648;Katyat James Daveyn
0x22f7e;Henryw Olesya Dmitracovah
0xd579;Georgiopoulosp Katyaf
0x11083;Julien Toyeri Barrj
0x24fed;Christiaan Hetznerh Charlie Zhuq
0x2154b;Huwp Emma Thomassonw
0x2436c;Luciat Andrewa
0x9cba;Wangg Riet
0x1d925;Edwardsy Jonathan Stempelr
0x24982;Barrp Jadhav Swatip
0xc62f;Scuffhamt Saral
0x1fab8;Willsx Martinne Gellerw
0x1ef1f;Caseyq Philm
0x5bf7;Framkee Schnurri
0x11f16;Mirnaj Kaorip
0x1e288;Dave Clarkej Mica Rosenbergb
0xd7b8;Leika Kiharaf Ronald Groverz
0xe8ce;Brownj Dinay
0x1cb9a;Mutikaniu Richa Naiduh